commandment_number,commandment_concept,commandment_polarity,reference_id,scripture_english,scripture_hebrew,scripture_greek,scripture_parashah,sefer_hachinuch_number,mishneh_torah_book_number,mishneh_torah_book_name,mishneh_torah_category,p119f_category
1,Know there is a G-d ,P,EXO 20:2,"""I am the LORD your God, who brought you out of the land of Egypt, out of the house of slavery.","? ??????? ?????? ?????????, ?????? ??????????? ??????? ????????? ??????? ????????: ","2 ??? ???? ?????? ? ???? ???, ????? ???????? ?? ?? ??? ???????? ?? ????? ????????.  ",Yitro,25,1,Knowledge,The Foundations of Torah,G-d
2,Do not entertain thoughts of other gods besides G-d ,N,EXO 20:3,"""You shall have no other gods before Me.","???-??????? ???? ???????? ????????, ???-??????.",3 ??? ??????? ??? ???? ?????? ???? ????. --  ,Yitro,26,1,Knowledge,The Foundations of Torah,G-d
3,"Know that G-d is One, a complete Unity ",P,DEU 6:4,"""Hear, O Israel! The LORD is our God, the LORD is one!","? ??????, ??????????: ?????? ??????????, ?????? ?????.","4 ??? ????? ?? ?????????? ??? ?? ???????, ??? ?????????? ?????? ???? ????? ?????? ?? ?? ????? ?????????? ????? ?? ??? ???????? ?????, ??????? ?????? ? ???? ???? ?????? ??? ??????  ",Vaet Chanan,417,1,Knowledge,The Foundations of Torah,G-d
4,Love G-d ,P,DEU 6:5,"""You shall love the LORD your God with all your heart and with all your soul and with all your might.","? ???????????, ??? ?????? ?????????, ??????-???????? ???????-?????????, ???????-????????.",5 ??? ????????? ?????? ??? ???? ??? ?? ???? ??? ??????? ??? ??? ?? ???? ??? ????? ??? ??? ?? ???? ??? ???????? ???.  ,Vaet Chanan,418,1,Knowledge,The Foundations of Torah,G-d
5,Fear G-d reverently ,P,DEU 10:20,"""You shall fear the LORD your God; you shall serve Him and cling to Him, and you shall swear by His name.","? ???-?????? ????????? ???????, ????? ???????; ????? ????????, ?????????? ???????????.",20 ?????? ??? ???? ??? ???????? ??? ???? ?????????? ??? ???? ????? ????????? ??? ?? ??????? ????? ????  ,Ekev,432,1,Knowledge,The Foundations of Torah,G-d
6,Sanctify G-d's Name ,P,LEV 22:32,"""You shall not profane My holy name, but I will be sanctified among the sons of Israel; I am the LORD who sanctifies you,","?? ????? ??????????, ???-???? ????????, ????????????????, ???????? ?????? ??????????: ????? ??????, ?????????????.","32 ??? ?? ?????????? ?? ????? ??? ?????, ??? ???????????? ?? ???? ??? ???? ??????? ??? ?????? ? ??????? ????  ",Emor,296,1,Knowledge,The Foundations of Torah,G-d
7,Do not profane G-d's Name ,N,LEV 22:32,"""You shall not profane My holy name, but I will be sanctified among the sons of Israel; I am the LORD who sanctifies you,","?? ????? ??????????, ???-???? ????????, ????????????????, ???????? ?????? ??????????: ????? ??????, ?????????????.","32 ??? ?? ?????????? ?? ????? ??? ?????, ??? ???????????? ?? ???? ??? ???? ??????? ??? ?????? ? ??????? ????  ",Emor,295,1,Knowledge,The Foundations of Torah,G-d
8,Do not destroy objects associated with G-d's Name ,N,DEU 12:4,"""You shall not act like this toward the LORD your God.","? ???-????????? ????, ??????? ??????????.","4 ?? ???????? ????? ????? ?? ??? ????,  ",Re'eh,437,1,Knowledge,The Foundations of Torah,Temple and Sacred Objects
9,Listen to the prophet speaking in G-d's Name ,P,DEU 18:15,"""The LORD your God will raise up for you a prophet like me from among you, from your countrymen, you shall listen to him.","?? ?????? ???????????? ????????? ????????, ?????? ???? ?????? ?????????: ??????, ????????????.","15 ???????? ?? ??? ??????? ??? ?? ??? ????????? ??? ?????? ? ???? ???, ????? ?????????  ",Shoftim,516,1,Knowledge,The Foundations of Torah,Prophecy
10,Do not test G-d unduly ,N,DEU 6:16,"""You shall not put the LORD your God to the test, as you tested Him at Massah.","?? ??? ????????, ???-?????? ??????????, ????????? ?????????, ??????????.","16 ??? ??????????? ?????? ??? ???? ???, ?? ?????? ????????????? ?? ?? ????????.  ",Vaet Chanan,424,1,Knowledge,The Foundations of Torah,G-d
11,Emulate G-d's ways ,P,DEU 28:9,"""The LORD will establish you as a holy people to Himself, as He swore to you, if you keep the commandments of the LORD your God and walk in His ways.","? ????????? ?????? ??? ????? ???????, ????????? ?????????-????: ???? ????????, ???-???????? ?????? ?????????, ???????????, ???????????.","9 ????????? ?? ?????? ? ???? ??? ????? ???? ?????, ?? ?????? ?????? ???? ???????? ???, ??? ?????????? ??? ????? ?????? ??? ???? ??? ??? ???????? ?? ???? ????? ??????  ",Ki Tavo,,1,Knowledge,Personal Development,G-d
12,Cleave to those who know G-d (and His Law),P,DEU 10:20,"""You shall fear the LORD your God; you shall serve Him and cling to Him, and you shall swear by His name.",  ?????????? ????????? ??????? ????? ??????? ????? ???????? ?????????? ???????????? ?,?????? ??? ???? ??? ???????? ??? ???? ?????????? ??? ???? ????? ????????? ??? ?? ??????? ????? ???,Ekev,434,1,Knowledge,The Foundations of Torah,G-d
13,Love other covenant members ,P,LEV 19:18,"'You shall not take vengeance, nor bear any grudge against the sons of your people, but you shall love your neighbor as yourself; I am the LORD.","?? ???-?????? ?????-?????? ???-?????? ???????, ??????????? ???????? ????????: ?????, ??????.","18 ??? ??? ????????? ??? ? ????, ??? ?? ??????? ???? ????? ??? ???? ??? ??? ????????? ??? ??????? ??? ?? ???????? ??? ???? ??????.  ",Kedoshim,243,1,Knowledge,Personal Development,Love
14,Show love towards foreigners ,P,DEU 10:19,"""So show your love for the alien, for you were aliens in the land of Egypt.","?? ????????????, ???-??????: ????-?????? ????????, ???????? ?????????.",19 ??? ????????? ??? ??????????? ?????????? ??? ??? ?? ?? ???????.  ,Ekev,431,1,Knowledge,Personal Development,Love
15,Do not hate fellow covenant members ,N,LEV 19:17,"'You shall not hate your fellow countryman in your heart; you may surely reprove your neighbor, but shall not incur sin because of him.","?? ???-???????? ???-???????, ???????????; ??????? ????????? ???-?????????, ?????-??????? ?????? ?????.","17 ?? ???????? ??? ??????? ??? ?? ??????? ???, ?????? ???????? ??? ??????? ??? ??? ?? ????? ??? ????? ????????.  ",Kedoshim,238,1,Knowledge,Personal Development,Love
16,Reprove a neighbor who sins ,P,LEV 19:17,"'You shall not hate your fellow countryman in your heart; you may surely reprove your neighbor, but shall not incur sin because of him.",  ???????????? ??????????? ??????????? ??????? ????????? ????????????? ????????????? ?????? ?????? ?,?? ???????? ??? ??????? ??? ?? ??????? ??? ?????? ???????? ??? ??????? ??? ??? ?? ????? ??' ????? ????????,Kedoshim,239,1,Knowledge,Personal Development,Love
17,Do not embarrass others ,N,LEV 19:17,"'You shall not hate your fellow countryman in your heart; you may surely reprove your neighbor, but shall not incur sin because of him.",  ???????????? ??????????? ??????????? ??????? ????????? ????????????? ????????????? ?????? ?????? ?,?? ???????? ??? ??????? ??? ?? ??????? ??? ?????? ???????? ??? ??????? ??? ??? ?? ????? ??' ????? ????????,Kedoshim,240,1,Knowledge,Personal Development,Love
18,Do not oppress the stranger ,N,EXO 22:21,"""You shall not wrong a stranger or oppress him, for you were strangers in the land of Egypt.",  ????? ?????????? ????? ???????????? ??????????? ???????? ???????? ?????????? ?,22:20 ??? ?????????? ?? ???????? ???? ?? ??????? ????? ??? ??? ?????????? ?? ?? ???????,Mishpatim,63,1,Knowledge,Personal Development,Love
19,Do not gossip about others ,N,LEV 19:16,"'You shall not go about as a slanderer among your people, and you are not to act against the life of your neighbor; I am the LORD.","?? ???-?????? ?????? ???????????, ??? ??????? ???-???? ??????: ?????, ??????.","16 ?? ??????? ???? ?? ?? ????? ???, ??? ?????????? ??? ???? ??? ??????? ???? ??? ???? ?????? ? ???? ????.  ",Kedoshim,236,1,Knowledge,Personal Development,Love
20,Do not take revenge ,N,LEV 19:18,"'You shall not take vengeance, nor bear any grudge against the sons of your people, but you shall love your neighbor as yourself; I am the LORD.",  ?????????? ???????????? ?????????? ??????? ??????????? ???????? ???????? ????? ??????? ?,??? ??? ????????? ??? ? ???? ??? ?? ??????? ???? ????? ??? ???? ??? ??? ????????? ??? ??????? ??? ?? ??????? ??? ???? ??????,Kedoshim,241,1,Knowledge,Personal Development,Love
21,Do not bear a grudge ,N,LEV 19:18,"'You shall not take vengeance, nor bear any grudge against the sons of your people, but you shall love your neighbor as yourself; I am the LORD.",  ?????????? ???????????? ?????????? ??????? ??????????? ???????? ???????? ????? ??????? ?,??? ??? ????????? ??? ? ???? ??? ?? ??????? ???? ????? ??? ???? ??? ??? ????????? ??? ??????? ??? ?? ??????? ??? ???? ??????,Kedoshim,242,1,Knowledge,Personal Development,Love
22,Learn the Law (Torah),P,DEU 6:7,"""You shall teach them diligently to your sons and shall talk of them when you sit in your house and when you walk by the way and when you lie down and when you rise up.",  ?????????????? ????????? ???????????? ???? ????????????? ?????????? ????????????? ????????? ?????????????? ???????????? ?,??? ??????????? ???? ???? ????? ??? ??? ???????? ?? ?????? ????????? ?? ???? ??? ??????????? ?? ??? ??? ???????????? ??? ?????????????,Vaet Chanan,419,1,Knowledge,Torah Study,Torah
23,Honor the wise and the aged (who know and teach G-d's Law),P,LEV 19:32,"'You shall rise up before the grayheaded and honor the aged, and you shall revere your God; I am the LORD.","?? ???????? ??????? ???????, ??????????? ?????? ?????; ????????? ????????????, ????? ??????. {?}",32 ??? ???????? ?????? ?????????? ??? ???????? ???????? ??????????? ??? ???????? ??? ???? ???? ??? ???? ?????? ? ???? ????.  ,Kedoshim,257,1,Knowledge,Torah Study,Torah
24,Do not inquire into idolatry ,N,LEV 19:4,'Do not turn to idols or make for yourselves molten gods; I am the LORD your God.,"? ???-????????, ???-??????????, ???????? ????????, ??? ???????? ?????: ?????, ?????? ??????????.",4 ??? ?????????????? ???????? ??? ????? ????????? ?? ???????? ????? ??? ?????? ? ???? ????. --  ,Kedoshim,213,1,Knowledge,Idolatry and Gentile Customs,Idolatry
25,Do not follow the whims of your heart or what your eyes see ,N,NUM 15:39,"""It shall be a tassel for you to look at and remember all the commandments of the LORD, so as to do them and not follow after your own heart and your own eyes, after which you played the harlot,","?? ??????? ?????, ????????, ?????????? ????? ???????????? ???-????-???????? ??????, ??????????? ?????; ?????-???????? ??????? ?????????, ????????? ?????????, ??????-?????? ??????, ??????????.","39 ??? ????? ???? ?? ???? ?????????? ??? ?????? ???? ??? ??????????? ????? ??? ??????? ?????? ??? ???????? ????? ??? ?? ?????????????? ????? ??? ???????? ???? ??? ????? ??? ???????? ????, ?? ??? ????? ??????????? ????? ?????,  ",Shelach,387,1,Knowledge,Idolatry and Gentile Customs,Morality
26,Do not curse G-d ,N,EXO 22:28,"""You shall not curse God, nor curse a ruler of your people.",  ???????? ??? ???????? ????????? ????????? ??? ?????? ?,22:27 ????? ?? ???????????? ??? ???????? ??? ???? ??? ?? ????? ?????,Mishpatim,70,1,Knowledge,Idolatry and Gentile Customs,G-d
27,Do not worship idols in the manner they are worshiped ,N,EXO 20:5,"""You shall not worship them or serve them; for I, the LORD your God, am a jealous God, visiting the iniquity of the fathers on the children, on the third and the fourth generations of those who hate Me,","? ???-????????????? ?????, ????? ?????????: ???? ??????? ?????? ?????????, ??? ??????--?????? ?????? ????? ???-??????? ???-??????????? ?????-?????????, ??????????.","5 ?? ???????????? ?????? ???? ?? ????????? ??????? ??? ??? ???? ?????? ? ???? ???, ???? ??????? ????????? ???????? ??????? ??? ????? ??? ?????? ??? ???????? ?????? ???? ???????? ??  ",Yitro,28,1,Knowledge,Idolatry and Gentile Customs,Idolatry
28,Do not worship idols in the four ways we worship G-d ,N,EXO 20:5,"""You shall not worship them or serve them; for I, the LORD your God, am a jealous God, visiting the iniquity of the fathers on the children, on the third and the fourth generations of those who hate Me,",  ??????????????????[1]? ????? ????? ????????? ???? ??????? ?????? ????????? ??? ?????? ?????? ????? ????? ??????????? ??????????????? ??????????????? ??????????? ?,?? ???????????? ?????? ???? ?? ????????? ?????? ??? ??? ???? ?????? ? ???? ??? ???? ??????? ????????? ???????? ??????? ??? ????? ??? ?????? ??? ???????? ?????? ???? ???????? ??,Yitro,29,1,Knowledge,Idolatry and Gentile Customs,Idolatry
29,Do not make an idol for yourself ,N,EXO 20:4,"""You shall not make for yourself an idol, or any likeness of what is in heaven above or on the earth beneath or in the water under the earth.","? ???-???????? ???? ?????, ?????-?????????, ?????? ???????????? ????????, ???????? ???????? ????????--???????? ?????????, ???????? ???????.","4 ?? ???????? ?????? ??????? ???? ?????? ???????, ??? ?? ?? ?????? ??? ??? ??? ?? ?? ?? ???? ??? ??? ?? ???? ?????? ??????? ??? ???.  ",Yitro,27,1,Knowledge,Idolatry and Gentile Customs,Idolatry
30,Do not make an idol for others ,N,LEV 19:4,'Do not turn to idols or make for yourselves molten gods; I am the LORD your God.,  ???????????? ??????????????? ???????? ???????? ??? ???????? ????? ????? ?????? ??????????? ?,??? ?????????????? ???????? ??? ????? ????????? ?? ???????? ???? ??? ?????? ? ???? ????,Kedoshim,214,1,Knowledge,Idolatry and Gentile Customs,Idolatry
31,Do not make human forms even for decorative purposes ,N,EXO 20:23,"You shall not make other gods besides Me; gods of silver or gods of gold, you shall not make for yourselves.","?? ??? ?????????, ??????: ??????? ????? ???????? ?????, ??? ???????? ?????.",23 ?? ???????? ??????? ????? ???????? ??? ????? ??????? ?? ???????? ???? ??????.  ,Yitro,39,1,Knowledge,Idolatry and Gentile Customs,Idolatry
32,Do not turn a city to idolatry ,N,EXO 23:13,"""Now concerning everything which I have said to you, be on your guard; and do not mention the name of other gods, nor let them be heard from your mouth.","?? ??????? ??????-?????????? ????????, ????????????; ?????? ???????? ???????? ??? ???????????, ??? ????????? ???-??????.","13 ?????, ??? ?????? ???? ????, ?????????. ??? ????? ???? ?????? ??? ??????????????, ???? ?? ??????? ?? ??? ???????? ????.  ",Mishpatim,87,1,Knowledge,Idolatry and Gentile Customs,Idolatry
33,Burn a city that has turned to idol worship ,P,DEU 13:17,"""Nothing from that which is put under the ban shall cling to your hand, in order that the LORD may turn from His burning anger and show mercy to you, and have compassion on you and make you increase, just as He has sworn to your fathers,","?? ?????-???????? ????????? ????????, ???-???????--??????? ??????? ?????? ???????? ??????, ???????-???? ???????? ?????????? ???????????, ????????? ?????????, ???????????.","(13:18) ?? ???????????????? ?? ?? ????? ??? ????? ??? ??? ??????????, ??? ????????? ?????? ??? ????? ??? ????? ????? ??? ????? ??? ????? ??? ??????? ?? ??? ???????? ??, ?? ?????? ?????? ?????? ???? ???????? ???,  ",Re'eh,464,1,Knowledge,Idolatry and Gentile Customs,Idolatry
34,Do not rebuild an idolatrous city that has been burned ,N,DEU 13:17,"""Nothing from that which is put under the ban shall cling to your hand, in order that the LORD may turn from His burning anger and show mercy to you, and have compassion on you and make you increase, just as He has sworn to your fathers,",  ?????????????? ????????? ???????? ??????????? ??????? ??????? ?????? ???????? ?????? ???????????? ???????? ?????????? ??????????? ????????? ????????? ???????????? ?,13:18 ?? ???????????????? ?? ?? ????? ??? ????? ??? ??? ?????????? ??? ????????? ?????? ??? ????? ??? ????? ????? ??? ????? ??? ????? ??? ??????? ?? ??? ???????? ?? ?? ?????? ?????? ?????? ???? ???????? ???,Re'eh,465,1,Knowledge,Idolatry and Gentile Customs,Idolatry
35,Do not derive benefit from an idolatrous city ,N,DEU 13:18,"if you will listen to the voice of the LORD your God, keeping all His commandments which I am commanding you today, and doing what is right in the sight of the LORD your God.","?? ???? ????????, ??????? ?????? ?????????, ???????? ???-????-???????????, ?????? ??????? ????????? ???????--?????????, ?????????, ?????????, ?????? ?????????. {?}","(13:19) ??? ??????? ??? ????? ?????? ??? ???? ??? ????????? ????? ??? ??????? ?????, ???? ??? ?????????? ??? ???????, ?????? ?? ????? ??? ?? ??????? ???????? ?????? ??? ???? ???.  ",Re'eh,466,1,Knowledge,Idolatry and Gentile Customs,Idolatry
36,Do not entice an individual to idol worship ,N,DEU 13:12,"""If you hear in one of your cities, which the LORD your God is giving you to live in, anyone saying that","?? ????-???????? ???????? ???????, ?????? ?????? ????????? ????? ???? ???????? ????--??????.","(13:13) ??? ?? ??????? ?? ??? ??? ?????? ???, ?? ?????? ? ???? ??? ??????? ??? ????????? ?? ????, ????????  ",Re'eh,462,1,Knowledge,Idolatry and Gentile Customs,Idolatry
37,Do not love those who entice others into idolatry ,N,DEU 13:9,"""But you shall surely kill him; your hand shall be first against him to put him to death, and afterwards the hand of all the people.","? ???? ????? ?????????????, ?????? ????????-???? ???????????? ??????????; ????? ????-?????, ????????????.","(13:10) ?????????? ?????????? ???? ?????, ?? ?????? ??? ??????? ??? ????? ?? ??????? ?????????? ?????, ??? ?? ?????? ?????? ??? ???? ??? ??????,  ",Re'eh,457,1,Knowledge,Idolatry and Gentile Customs,Idolatry
38,Do not cease hating an idolater ,N,DEU 13:9,"""But you shall surely kill him; your hand shall be first against him to put him to death, and afterwards the hand of all the people.",  ???? ????? ????????????? ?????? ????????????? ???????????? ?????????? ????? ?????????? ????????????? ?,13:10 ?????????? ?????????? ???? ????? ?? ?????? ??? ??????? ??' ????? ?? ??????? ?????????? ????? ??? ?? ?????? ?????? ??? ???? ??' ??????,Re'eh,458,1,Knowledge,Idolatry and Gentile Customs,Idolatry
39,Do not save an idolater from execution ,N,DEU 13:9,"""But you shall surely kill him; your hand shall be first against him to put him to death, and afterwards the hand of all the people.",  ???? ????? ????????????? ?????? ????????????? ???????????? ?????????? ????? ?????????? ????????????? ?,13:10 ?????????? ?????????? ???? ????? ?? ?????? ??? ??????? ??' ????? ?? ??????? ?????????? ????? ??? ?? ?????? ?????? ??? ???? ??' ??????,Re'eh,459,1,Knowledge,Idolatry and Gentile Customs,Idolatry
40,Do not say anything in an idolater's defense ,N,DEU 13:9,"""But you shall surely kill him; your hand shall be first against him to put him to death, and afterwards the hand of all the people.",  ???? ????? ????????????? ?????? ????????????? ???????????? ?????????? ????? ?????????? ????????????? ?,13:10 ?????????? ?????????? ???? ????? ?? ?????? ??? ??????? ??' ????? ?? ??????? ?????????? ????? ??? ?? ?????? ?????? ??? ???? ??' ??????,Re'eh,460,1,Knowledge,Idolatry and Gentile Customs,Idolatry
41,Do not refrain from incriminating an idolater ,N,DEU 13:9,"""But you shall surely kill him; your hand shall be first against him to put him to death, and afterwards the hand of all the people.",  ???? ????? ????????????? ?????? ????????????? ???????????? ?????????? ????? ?????????? ????????????? ?,13:10 ?????????? ?????????? ???? ????? ?? ?????? ??? ??????? ??' ????? ?? ??????? ?????????? ????? ??? ?? ?????? ?????? ??? ???? ??' ??????,Re'eh,461,1,Knowledge,Idolatry and Gentile Customs,Idolatry
42,Do not prophesy in the name of idolatry ,N,DEU 18:20,"'But the prophet who speaks a word presumptuously in My name which I have not commanded him to speak, or which he speaks in the name of other gods, that prophet shall die.'","? ???? ????????? ?????? ?????? ???????? ?????? ?????????, ??? ?????? ???-?????????? ????????, ???????? ????????, ??????? ???????? ????????--?????, ????????? ??????.","20 ???? ? ????????, ?? ?? ??????? ??????? ??? ?? ??????? ??? ????, ? ?? ????????? ???????, ??? ?? ?? ?????? ??? ??????? ???? ??????, ??????????? ? ???????? ???????.  ",Shoftim,518,1,Knowledge,Idolatry and Gentile Customs,Idolatry
43,Do not listen to a false prophet ,N,DEU 13:4,"""You shall follow the LORD your God and fear Him; and you shall keep His commandments, listen to His voice, serve Him, and cling to Him.","? ??????? ?????? ?????????? ????????, ??????? ????????; ?????-??????????? ??????????? ????????? ??????????, ??????? ????????? ????? ???????????.",(13:5) ????? ?????? ??? ???? ???? ????????? ??? ????? ??????????? ??? ??? ??????? ????? ????????? ??? ??? ????? ????? ????????? ??? ???? ?????????????.  ,Re'eh,456,1,Knowledge,Idolatry and Gentile Customs,Prophecy
44,Do not prophesy falsely in the name of G-d ,N,DEU 18:20,"'But the prophet who speaks a word presumptuously in My name which I have not commanded him to speak, or which he speaks in the name of other gods, that prophet shall die.'",  ???? ????????? ?????? ?????? ???????? ?????? ????????? ??? ?????? ?????????????? ???????? ???????? ???????? ??????? ???????? ???????? ????? ????????? ??????? ?,???? ? ???????? ?? ?? ??????? ??????? ??? ?? ??????? ??? ???? ? ?? ????????? ??????? ??? ?? ?? ?????? ??' ??????? ???? ?????? ??????????? ? ???????? ???????,Shoftim,517,1,Knowledge,Idolatry and Gentile Customs,Idolatry
45,Do not be afraid of killing the false prophet ,N,DEU 18:22,"""When a prophet speaks in the name of the LORD, if the thing does not come about or come true, that is the thing which the LORD has not spoken. The prophet has spoken it presumptuously; you shall not be afraid of him.","?? ?????? ???????? ????????? ??????? ??????, ?????-??????? ???????? ????? ?????--???? ????????, ?????? ???-???????? ??????: ????????? ????????? ?????????, ??? ?????? ?????????. {?}","22 ??? ??? ?????? ? ???????? ??? ?? ??????? ??????, ??? ?? ??????? ?? ???? ??? ?? ?????, ????? ?? ????, ? ??? ???????? ??????? ?? ??????? ???????? ? ???????? ???????, ??? ???????? ?????.  ",Shoftim,519,1,Knowledge,Idolatry and Gentile Customs,Prophecy
46,Do not swear in the name of an idol ,N,EXO 23:13,"""Now concerning everything which I have said to you, be on your guard; and do not mention the name of other gods, nor let them be heard from your mouth.",  ??????? ????????????????? ???????? ???????????? ?????? ???????? ???????? ??? ??????????? ??? ????????? ??????????? ?,????? ??? ?????? ???? ???? ????????? ??? ????? ???? ?????? ??? ?????????????? ???? ?? ??????? ?? ??? ???????? ????,Mishpatim,86,1,Knowledge,Idolatry and Gentile Customs,Idolatry
47,Do not inquire of spirits,N,LEV 19:31,'Do not turn to mediums or spiritists; do not seek them out to be defiled by them. I am the LORD your God.,"?? ???-???????? ???-??????? ?????-??????????????, ???-??????????? ????????? ?????: ?????, ?????? ??????????.",31 ??? ?????????????? ?????????????? ??? ???? ????????? ?? ???????????????? ??????????? ?? ??????? ??? ???? ?????? ? ???? ????.  ,Kedoshim,255,1,Knowledge,Idolatry and Gentile Customs,Idolatry
48,Do not consult magicians or seers,N,LEV 19:31,'Do not turn to mediums or spiritists; do not seek them out to be defiled by them. I am the LORD your God.,  ???????????? ??????????? ???????????????????? ??????????????? ????????? ????? ????? ?????? ??????????? ?,??? ?????????????? ?????????????? ??? ???? ????????? ?? ???????????????? ??????????? ?? ?????? ??? ???? ?????? ? ???? ????,Kedoshim,256,1,Knowledge,Idolatry and Gentile Customs,Idolatry
49,Do not pass your children through the fire to Molech ,N,LEV 18:21,"'You shall not give any of your offspring to offer them to Molech, nor shall you profane the name of your God; I am the LORD.","?? ????????????? ???-??????, ?????????? ?????????; ????? ???????? ???-???? ?????????, ????? ??????.",21 ??? ??? ??? ????????? ??? ?? ?????? ????????? ??????? ??? ?? ?????????? ?? ????? ?? ?????? ??? ??????.  ,Acharei Mot,208,1,Knowledge,Idolatry and Gentile Customs,Idolatry
50,Do not erect a pillar in a public place of worship ,N,DEU 16:22,"""You shall not set up for yourself a sacred pillar which the LORD your God hates.","?? ?????-?????? ????, ????????, ?????? ??????, ?????? ?????????. {?}","22 ?? ??????? ?????? ??????, ? ???????? ?????? ? ???? ???.  ",Shoftim,493,1,Knowledge,Idolatry and Gentile Customs,Idolatry
51,Do not bow down on smooth stone ,N,LEV 26:1,"You shall not make for yourselves idols, nor shall you set up for yourselves an image or a sacred pillar, nor shall you place a figured stone in your land to bow down to it; for I am the LORD your God.","? ???-???????? ????? ????????, ??????? ?????????? ???-???????? ?????, ??????? ?????????? ??? ???????? ????????????, ???????????????? ???????: ???? ????? ??????, ??????????.",1 ?? ???????? ???? ?????? ??????????? ???? ?????? ???? ?????? ?????????? ???? ???? ????? ?????? ?????? ?? ?? ?? ???? ??????????? ????? ??? ???? ?????? ? ???? ????.  ,B'har,349,1,Knowledge,Idolatry and Gentile Customs,Idolatry
52,Do not plant a tree in the Temple courtyard,N,DEU 16:21,"""You shall not plant for yourself an Asherah of any kind of tree beside the altar of the LORD your God, which you shall make for yourself.","?? ???-?????? ???? ????????, ????-???: ?????, ???????? ?????? ?????????--?????? ?????????-?????.","21 ?? ????????? ?????? ?????, ??? ?????, ???? ?? ???????????? ?????? ??? ???? ???, ? ???????? ??????.  ",Shoftim,492,1,Knowledge,Idolatry and Gentile Customs,Temple and Sacred Objects
53,Destroy idols and their accessories ,P,DEU 12:2,"""You shall utterly destroy all the places where the nations whom you shall dispossess serve their gods, on the high mountains and on the hills and under every green tree.","? ?????? ???????????? ???-????-??????????? ?????? ???????-???? ?????????, ?????? ?????? ????????? ?????--???-??????????: ???-???????? ???????? ?????-???????????, ??????? ????-??? ???????.","2 ??????? ???????? ?????? ???? ??????, ?? ??? ?????????? ???? ???? ????? ????? ??? ????? ???????????? ??????, ??? ??? ????? ??? ?????? ??? ??? ??? ????? ??? ??????? ??????? ??????  ",Re'eh,436,1,Knowledge,Idolatry and Gentile Customs,Idolatry
54,Do not derive benefit from idols and their accessories ,N,DEU 7:26,"""You shall not bring an abomination into your house, and like it come under the ban; you shall utterly detest it and you shall utterly abhor it, for it is something banned.","?? ?????-?????? ???????? ???-????????, ????????? ????? ????????; ??????? ??????????????? ??????? ?????????????, ????-????? ????. {?}","26 ??? ??? ????????? ???????? ??? ??? ????? ??? ??? ??? ??????? ????? ?????? ????????????? ??????????? ??? ?????????? ???????, ??? ??????? ?????.  ",Ekev,429,1,Knowledge,Idolatry and Gentile Customs,Idolatry
55,Do not derive benefit from ornaments of idols ,N,DEU 7:25,"""The graven images of their gods you are to burn with fire; you shall not covet the silver or the gold that is on them, nor take it for yourselves, or you will be snared by it, for it is an abomination to the LORD your God.","?? ????????? ??????????, ???????????? ???????; ???-??????? ?????? ??????? ????????, ??????????? ????--???? ?????????? ????, ???? ???????? ?????? ????????? ????.","25 ?? ?????? ??? ???? ????? ??????????? ????? ??? ??????????? ???????? ???? ??????? ??? ????? ??? ?? ????? ??????, ?? ??????? ??? ????, ??? ???????? ????? ?? ??? ??? ??????  ",Ekev,428,1,Knowledge,Idolatry and Gentile Customs,Idolatry
56,Do not make a covenant with idolaters ,N,DEU 7:2,"and when the LORD your God delivers them before you and you defeat them, then you shall utterly destroy them. You shall make no covenant with them and show no favor to them.","? ????????? ?????? ?????????, ?????????--???????????: ??????? ????????? ?????, ???-??????? ????? ??????? ????? ????????.","2 ??? ????????? ?????? ?????? ? ???? ??? ??? ??? ?????? ??? ??? ???????? ??????, ???????? ???????? ??????, ?? ??????? ???? ?????? ???????? ???? ?? ???????? ??????.  ",Vaet Chanan,93,1,Knowledge,Idolatry and Gentile Customs,Idolatry
57,Do not show favor to idolaters ,N,DEU 7:2,"and when the LORD your God delivers them before you and you defeat them, then you shall utterly destroy them. You shall make no covenant with them and show no favor to them.",  ????????? ?????? ????????? ????????? ??????????? ??????? ????????? ????? ??????????? ????? ??????? ????? ????????? ?,??? ????????? ?????? ?????? ? ???? ??? ??? ??? ?????? ??? ??? ???????? ?????? ???????? ???????? ?????? ?? ??????? ???? ?????? ???????? ???? ?? ???????? ??????,Vaet Chanan,426,1,Knowledge,Idolatry and Gentile Customs,Idolatry
58,Do not let idolaters dwell in the Land of Israel ,N,EXO 23:33,"""They shall not live in your land, because they will make you sin against Me; for if you serve their gods, it will surely be a snare to you.""","?? ??? ???????? ???????????, ????-?????????? ?????? ???: ???? ??????? ???-??????????, ????-??????? ???? ?????????. {?}","33 ??? ??? ???????????? ?? ?? ?? ???, ??? ?? ???????? ?? ????????? ???? ??? ??? ??? ????????? ???? ????? ?????, ????? ??????? ??? ?????????.  ",Mishpatim,94,1,Knowledge,Idolatry and Gentile Customs,Idolatry
59,Do not imitate idolaters in customs and clothing ,N,LEV 20:23,"'Moreover, you shall not follow the customs of the nation which I will drive out before you, for they did all these things, and therefore I have abhorred them.","?? ????? ??????? ????????? ???????, ??????-????? ?????????? ???????????: ???? ???-????-?????? ??????, ??????? ????.","23 ??? ???? ????????? ???? ???????? ??? ?????, ??? ??????????? ??? ????? ??? ????? ????? ????????, ??? ??????????? ??????.  ",Kedoshim,262,1,Knowledge,Idolatry and Gentile Customs,Idolatry
60,Do not be superstitious ,N,LEV 19:26,"You shall not eat anything with the blood, nor practice divination or soothsaying.","?? ??? ????????, ???-??????; ??? ??????????, ????? ??????????.",26 ?? ?????? ??? ??? ????? ??? ??? ?????????? ???? ????????????????.  ,Kedoshim,250,1,Knowledge,Idolatry and Gentile Customs,Idolatry
61,"Do not go into a trance to foresee events, etc",N,DEU 18:10,"""There shall not be found among you anyone who makes his son or his daughter pass through the fire, one who uses divination, one who practices witchcraft, or one who interprets omens, or a sorcerer,","? ???-???????? ????, ???????? ??????-???????? ???????, ????? ????????, ???????? ?????????? ???????????.","10 ??? ??????????? ?? ??? ???????????? ??? ???? ????? ? ??? ???????? ????? ?? ????, ???????????? ????????, ?????????????? ??? ????????????, ????????,  ",Shoftim,510,1,Knowledge,Idolatry and Gentile Customs,Idolatry
62,Do not engage in astrology ,N,LEV 19:26,"You shall not eat anything with the blood, nor practice divination or soothsaying.",  ??? ???????? ?????????? ??? ?????????? ????? ??????????? ?,?? ?????? ??? ??? ????? ??? ??? ?????????? ???? ????????????????,Kedoshim,249,1,Knowledge,Idolatry and Gentile Customs,Idolatry
63,Do not mutter incantations ,N,DEU 18:11,"or one who casts a spell, or a medium, or a spiritist, or one who calls up the dead.","?? ???????, ?????; ???????? ???? ????????????, ???????? ???-?????????.","11 ???????? ????????, ????????????? ??? ????????????, ???????? ???? ???????.  ",Shoftim,512,1,Knowledge,Idolatry and Gentile Customs,Idolatry
64,Do not attempt to contact the dead ,N,DEU 18:11,"or one who casts a spell, or a medium, or a spiritist, or one who calls up the dead.",  ??????? ????? ???????? ???? ???????????? ???????? ?????????????? ?,???????? ???????? ????????????? ??? ???????????? ???????? ???? ???????,Shoftim,515,1,Knowledge,Idolatry and Gentile Customs,Idolatry
65,Do not consult ghosts or spirits,N,DEU 18:11,"or one who casts a spell, or a medium, or a spiritist, or one who calls up the dead.",  ??????? ????? ???????? ???? ???????????? ???????? ?????????????? ?,???????? ???????? ????????????? ??? ???????????? ???????? ???? ???????,Shoftim,513,1,Knowledge,Idolatry and Gentile Customs,Idolatry
66,Do not consult magicians or wizards,N,DEU 18:11,"or one who casts a spell, or a medium, or a spiritist, or one who calls up the dead.",  ??????? ????? ???????? ???? ???????????? ???????? ?????????????? ?,???????? ???????? ????????????? ??? ???????????? ???????? ???? ???????,Shoftim,514,1,Knowledge,Idolatry and Gentile Customs,Idolatry
67,Do not perform acts of magic ,N,DEU 18:10,"""There shall not be found among you anyone who makes his son or his daughter pass through the fire, one who uses divination, one who practices witchcraft, or one who interprets omens, or a sorcerer,",  ???????????? ???? ???????? ??????????????? ??????? ????? ???????? ???????? ?????????? ???????????? ?,??? ??????????? ?? ??? ???????????? ??? ???? ????? ? ??? ???????? ????? ?? ???? ???????????? ???????? ?????????????? ??? ???????????? ????????,Shoftim,511,1,Knowledge,Idolatry and Gentile Customs,Idolatry
68,Men must not shave the hair off the sides of their head ,N,LEV 19:27,'You shall not round off the side-growth of your heads nor harm the edges of your beard.,"?? ??? ????????, ?????? ?????????; ????? ?????????, ??? ?????? ????????.",27 ?? ???????? ?????? ?? ??? ????? ??? ??????? ???? ???? ???????? ??? ???? ??? ??????? ????.  ,Kedoshim,251,1,Knowledge,Idolatry and Gentile Customs,Personal Appearance
69,Men must not shave their beards with a razor ,N,LEV 19:27,'You shall not round off the side-growth of your heads nor harm the edges of your beard.,  ??? ???????? ?????? ????????? ????? ????????? ??? ?????? ????????? ?,?? ???????? ?????? ?? ??? ????? ??? ??????? ???? ???? ???????? ??? ???? ??? ??????? ????,Kedoshim,252,1,Knowledge,Idolatry and Gentile Customs,Personal Appearance
70,Men must not wear women's clothing ,N,DEU 22:5,"""A woman shall not wear man's clothing, nor shall a man put on a woman's clothing; for whoever does these things is an abomination to the LORD your God.","? ???-??????? ?????-????? ???-???????, ?????-????????? ?????? ???????? ???????: ???? ???????? ?????? ?????????, ????-?????? ??????. {?}","5 ??? ????? ????? ?????? ??? ???????, ???? ?? ????????? ???? ?????? ??????????, ??? ???????? ????? ?? ??? ??? ????? ??? ????? ?????.  ",Ki Tetze,543,1,Knowledge,Idolatry and Gentile Customs,Personal Appearance
71,Women must not wear men's clothing ,N,DEU 22:5,"""A woman shall not wear man's clothing, nor shall a man put on a woman's clothing; for whoever does these things is an abomination to the LORD your God.",  ??????????? ??????????? ??????????? ??????????????? ?????? ???????? ??????? ???? ???????? ?????? ????????? ??????????? ??????? ? ?,??? ????? ????? ?????? ??? ??????? ???? ?? ????????? ???? ?????? ?????????? ??? ???????? ????? ?? ??? ??? ????? ??? ????? ?????,Ki Tetze,542,1,Knowledge,Idolatry and Gentile Customs,Personal Appearance
72,Do not tattoo the skin ,N,LEV 19:28,'You shall not make any cuts in your body for the dead nor make any tattoo marks on yourselves: I am the LORD.,"?? ???????? ????????, ??? ???????? ?????????????, ????????? ???????, ??? ???????? ??????: ?????, ??????.",28 ??? ????????? ??? ???? ?? ???????? ?? ?? ?????? ???? ??? ???????? ?????? ?? ???????? ?? ????? ??? ???? ?????? ? ???? ????.  ,Kedoshim,253,1,Knowledge,Idolatry and Gentile Customs,Personal Appearance
73,Do not tear or cut the skin in mourning ,N,DEU 14:1,"""You are the sons of the LORD your God; you shall not cut yourselves nor shave your forehead for the sake of the dead.","? ??????? ??????, ??????? ??????????: ??? ????????????, ?????-????????? ??????? ????? ?????????--?????.","1 ???? ???? ?????? ??? ???? ????? ?? ?????????, ??? ????????? ????????? ??? ????? ??? ???????? ???? ??? ??????  ",Re'eh,467,1,Knowledge,Idolatry and Gentile Customs,Personal Appearance
74,Do not make a bald spot in mourning ,N,DEU 14:1,"""You are the sons of the LORD your God; you shall not cut yourselves nor shave your forehead for the sake of the dead.",  ??????? ?????? ??????? ?????????? ??? ???????????? ??????????????? ??????? ????? ????????? ?????? ?,???? ???? ?????? ??? ???? ???? ?? ????????? ??? ????????? ????????? ??? ????? ??? ???????? ???? ??? ?????,Re'eh,468,1,Knowledge,Idolatry and Gentile Customs,Personal Appearance
75,Repent and confess wrongdoings ,P,NUM 5:7,"then he shall confess his sins which he has committed, and he shall make restitution in full for his wrong and add to it one-fifth of it, and give it to him whom he has wronged.","? ????????????, ???-????????? ?????? ??????, ????????? ???-???????? ??????????, ????????????? ????? ??????; ???????, ???????? ?????? ???.","7 ??????????? ??? ????????, ?? ????????, ??? ???????? ??? ??????????? ?? ????????? ??? ?? ?????????? ????? ????????? ??? ???? ??? ????????, ???? ???????????? ????.  ",Naso,364,1,Knowledge,Repentance,Prayer and Confession
76,Recite the Shema twice daily ,P,DEU 6:7,"""You shall teach them diligently to your sons and shall talk of them when you sit in your house and when you walk by the way and when you lie down and when you rise up.","? ?????????????? ?????????, ???????????? ????, ????????????? ?????????? ????????????? ?????????, ?????????????? ???????????.",7 ??? ??????????? ???? ???? ????? ??? ??? ???????? ?? ?????? ????????? ?? ???? ??? ??????????? ?? ??? ??? ???????????? ??? ??????????????  ,Vaet Chanan,420,1,Knowledge,Torah Study,Torah
77,Serve the Almighty [traditionally: with daily prayer] ,P,EXO 23:25,"""But you shall serve the LORD your God, and He will bless your bread and your water; and I will remove sickness from your midst.","?? ????????????, ??? ?????? ??????????, ???????? ???-????????, ?????-????????; ??????????? ???????, ????????????. {?}","25 ??? ?????????? ????? ?? ??? ???, ??? ???????? ??? ????? ??? ??? ??? ????? ??? ??? ?? ???? ??? ??? ????????? ???????? ??? ????.  ",Mishpatim,433,2,Love,Prayer and Priestly Blessing,Prayer and Confession
78,The priests must bless the Israelite nation daily ,P,NUM 6:23,"""Speak to Aaron and to his sons, saying, 'Thus you shall bless the sons of Israel. You shall say to them:","?? ??????? ???-??????? ?????-??????? ??????, ???? ????????? ???-?????? ??????????: ??????, ?????. {?}",23 ??????? ????? ??? ???? ????? ????? ????? ????? ?????????? ???? ????? ?????? ???????? ??????  ,Naso,378,2,Love,Prayer and Priestly Blessing,Levites & Priests
79,Wear tefillin (phylacteries) on the head ,P,DEU 6:8,"""You shall bind them as a sign on your hand and they shall be as frontals on your forehead.","? ????????????? ??????, ???-??????; ??????? ?????????, ????? ????????.","8 ??? ??????? ???? ??? ??????? ??? ??? ?????? ???, ??? ????? ????????? ??? ???????? ????  ",Vaet Chanan,422,2,Love,"Tefillin, Mezuzah, and Torah Scroll",Signs and Symbols
80,Bind tefillin on the arm ,P,DEU 6:8,"""You shall bind them as a sign on your hand and they shall be as frontals on your forehead.",  ????????????? ?????? ?????????? ??????? ????????? ????? ????????? ?,??? ??????? ???? ??? ??????? ??? ??? ?????? ??? ??? ????? ????????? ??? ???????? ???,Vaet Chanan,421,2,Love,"Tefillin, Mezuzah, and Torah Scroll",Signs and Symbols
81,Put the commandments on each door post ,P,DEU 6:9,"""You shall write them on the doorposts of your house and on your gates.","? ???????????? ???-???????? ????????, ??????????????. {?}",9 ??? ??????? ???? ??? ??? ????? ??? ?????? ???? ??? ??? ????? ????.  ,Vaet Chanan,423,2,Love,"Tefillin, Mezuzah, and Torah Scroll",Signs and Symbols
82,Each male must write a scroll of the Law,P,DEU 31:19,"""Now therefore, write this song for yourselves, and teach it to the sons of Israel; put it on their lips, so that this song may be a witness for Me against the sons of Israel.","?? ????????, ???????? ????? ???-?????????? ???????, ??????????? ???-??????-??????????, ???????? ?????????: ??????? ????????-???? ?????????? ???????, ?????--???????? ??????????.","19 ??? ??? ??????? ?? ?????? ??? ???? ?????? ??? ???????? ????? ???? ????? ?????? ??? ????????? ????? ??? ?? ????? ?????, ??? ??????? ??? ? ??? ???? ??? ????????? ?? ????? ??????.  ",Vayelech,,2,Love,"Tefillin, Mezuzah, and Torah Scroll",Torah
83,The king must have a separate book of the Law for himself ,P,DEU 17:18,"""Now it shall come about when he sits on the throne of his kingdom, he shall write for himself a copy of this law on a scroll in the presence of the Levitical priests.","?? ??????? ???????????, ??? ??????? ????????????--??????? ??? ???-???????? ????????? ???????, ???-?????, ??????????, ??????????? ??????????.","18 ??? ????? ???? ?????? ??? ??? ????? ?????, ??? ?????? ????? ?? ????????????? ????? ??? ??????? ???? ??? ?????? ??? ???????,  ",Shoftim,503,2,Love,"Tefillin, Mezuzah, and Torah Scroll",The King
84,Have tzitzit on four-cornered garments ,P,NUM 15:38,"""Speak to the sons of Israel, and tell them that they shall make for themselves tassels on the corners of their garments throughout their generations, and that they shall put on the tassel of each corner a cord of blue.","?? ??????? ???-?????? ??????????, ??????????? ???????, ???????? ????? ?????? ???-???????? ??????????, ?????????; ????????? ???-?????? ????????, ??????? ????????.",38 ??????? ???? ????? ?????? ??? ????? ???? ?????? ??? ??????????? ??????? ???????? ??? ?? ???????? ??? ??????? ????? ??? ??? ?????? ????? ??? ????????? ??? ?? ???????? ??? ????????? ?????? ??????????.  ,Shelach,386,2,Love,Tzitzit,Signs and Symbols
85,Bless the Almighty after eating ,P,DEU 8:10,"""When you have eaten and are satisfied, you shall bless the LORD your God for the good land which He has given you.","? ???????????, ????????????--??????????? ???-?????? ?????????, ???-??????? ???????? ?????? ?????-????.","10 ??? ???? ??? ?????????? ??? ?????????? ?????? ??? ???? ??? ??? ??? ??? ??? ??????, ?? ?????? ???.  ",Ekev,430,2,Love,Blessings,Prayer and Confession
86,Circumcise all males on the eighth day after their birth ,P,LEV 12:3,'On the eighth day the flesh of his foreskin shall be circumcised.,"? ?????????, ????????????, ???????, ??????? ?????????.",3 ??? ?? ????? ?? ????? ????????? ??? ????? ??? ??????????? ??????  ,Tazria,2,2,Love,Circumcision,Signs and Symbols
87,Rest on the seventh day Sabbath,P,EXO 23:12,"""Six days you are to do your work, but on the seventh day you shall cease from labor so that your ox and your donkey may rest, and the son of your female slave, as well as your stranger, may refresh themselves.","?? ??????? ?????? ????????? ??????????, ????????? ???????????? ??????????--??????? ???????, ???????? ??????????, ??????????? ????-????????, ????????.","12 ?? ?????? ???????? ?? ???? ???, ?? ?? ????? ?? ?????? ?????????, ??? ??????????? ? ???? ??? ??? ?? ????????? ???, ??? ??? ??????? ? ???? ??? ????????? ??? ??? ? ??????????. --  ",Mishpatim,85,3,Times,Shabbat,Appointed Times
88,Do not do prohibited labor on the seventh day Sabbath,N,EXO 20:10,"but the seventh day is a sabbath of the LORD your God; in it you shall not do any work, you or your son or your daughter, your male or your female servant or your cattle or your sojourner who stays with you.","? ??????, ????????????--???????, ??????? ?????????: ???-???????? ???-???????? ?????? ???????? ?????????, ????????? ?????????? ?????????????, ????????, ?????? ?????????????.","10 ?? ?? ????? ?? ?????? ??????? ????? ?? ??? ???? ?? ???????? ?? ???? ??? ?????, ?? ??? ? ???? ??? ??? ? ??????? ???, ? ???? ??? ??? ? ???????? ???, ? ???? ??? ??? ?? ????????? ??? ??? ??? ?????? ??? ??? ? ?????????? ? ???????? ?? ???.  ",Yitro,32,3,Times,Shabbat,Appointed Times
89,The court must not inflict punishment on the Sabbath,N,EXO 35:3,"""You shall not kindle a fire in any of your dwellings on the sabbath day.""","? ???-????????? ????, ?????? ?????????????, ???????, ??????????. {?}",3 ?? ??????? ??? ?? ???? ???????? ???? ?? ????? ??? ????????? ??? ??????.  ,Vayakhel,114,3,Times,Shabbat,Appointed Times
90,Do not walk outside the city boundary on the Sabbath,N,EXO 16:29,"""See, the LORD has given you the sabbath; therefore He gives you bread for two days on the sixth day. Remain every man in his place; let no man go out of his place on the seventh day.""","?? ?????, ????-?????? ????? ????? ??????????--???-???? ???? ????? ????? ???????? ???????????, ????? ????????; ?????? ????? ??????????, ???-????? ????? ??????????--???????? ????????????.","29 ?????, ? ??? ?????? ?????? ???? ??? ?????? ?????? ?? ???????? ??? ????? ????? ?????? ???? ?? ????? ?? ???? ?????? ??? ??????? ????????? ??????? ??? ???? ?????? ????, ?????? ??????????? ?? ??? ????? ????? ?? ????? ?? ??????.  ",B'shalach,24,3,Times,Shabbat,Appointed Times
91,Sanctify the Sabbath (in speech) from beginning to end,P,EXO 20:8,"""Remember the sabbath day, to keep it holy.","? ?????? ???-???? ??????????, ???????????.",8 ???????? ??? ?????? ??? ???????? ???????? ?????.  ,Yitro,31,3,Times,Shabbat,Appointed Times
92,Rest from prohibited labor on the Day of Atonement,P,LEV 23:32,"""It is to be a sabbath of complete rest to you, and you shall humble your souls; on the ninth of the month at evening, from evening until evening you shall keep your sabbath.""","?? ??????? ?????????? ???? ?????, ??????????? ???-?????????????; ??????????? ????????, ????????--??????? ???-?????, ???????????? ????????????. {?}","32 ??????? ???????? ????? ????, ??? ??????????? ??? ????? ????? ??? ?????? ??? ????? ??? ??????? ??? ??????? ??????????? ?? ??????? ????.  ",Emor,317,3,Times,Rest on the Tenth of Tishri,Appointed Times
93,Do not do prohibited labor on the Day of Atonement,N,LEV 23:28,"""You shall not do any work on this same day, for it is a day of atonement, to make atonement on your behalf before the LORD your God.""",??????????????? ???? ????????? ????????? ???????? ??????? ????? ????? ??????????? ????? ????????? ????????? ???????? ??????? ????????????,28 ???? ??????? ??? ????????? ??? ??????? ???? ???????? ???????? ??????? ???? ??????? ??????????? ?????? ?????? ????????????? ????? ?????? ???????? ??????? ???? ????? ??????. ,Emor,315,3,Times,Rest on the Tenth of Tishri,Appointed Times
94,Afflict yourself on the Day of Atonement,P,LEV 16:29,"""This shall be a permanent statute for you: in the seventh month, on the tenth day of the month, you shall humble your souls and not do any work, whether the native, or the alien who sojourns among you;","?? ????????? ?????, ???????? ??????: ????????? ???????????? ?????????? ???????? ????????? ???-?????????????, ?????-???????? ??? ????????--?????????, ???????? ?????? ???????????.","29 ??? ????? ????? ???? ??????? ???????? ?? ?? ???? ?? ?????? ?????? ??? ????? ??????????? ??? ????? ???? ??? ??? ????? ?? ????????, ? ???????? ??? ? ?????????? ? ???????????? ?? ????.  ",Acharei Mot,,3,Times,Rest on the Tenth of Tishri,Appointed Times
95,Do not eat or drink on the Day of Atonement,N,LEV 23:29,"""If there is any person who will not humble himself on this same day, he shall be cut off from his people.","?? ???? ???-????????? ?????? ???-????????, ???????? ??????? ??????--???????????, ??????????.","29 ???? ????, ???? ?? ?????????????? ?? ???? ?? ????? ?????, ???????????????? ?? ??? ???? ?????.  ",Emor,316,3,Times,Rest on the Tenth of Tishri,Appointed Times
96,Rest on the first day of Passover,P,LEV 23:7,'On the first day you shall have a holy convocation; you shall not do any laborious work.,"? ????????, ??????????, ???????-??????, ??????? ?????; ????-???????? ???????, ??? ????????.","7 ??? ? ????? ? ????? ????? ???? ????? ????, ??? ????? ????????? ?? ?????????  ",Emor,297,3,Times,Rest on Holidays,Appointed Times
97,Do not do prohibited labor on the first day of Passover ,N,LEV 23:7,'On the first day you shall have a holy convocation; you shall not do any laborious work.,  ???????? ?????????? ?????????????? ??????? ????? ????????????? ??????? ??? ????????? ?,??? ? ????? ? ????? ????? ???? ????? ???? ??? ????? ????????? ?? ????????,Emor,298,3,Times,Rest on Holidays,Appointed Times
98,Rest on the seventh day of Passover,P,LEV 23:8,"'But for seven days you shall present an offering by fire to the LORD. On the seventh day is a holy convocation; you shall not do any laborious work.'""","? ?????????????? ??????? ???????, ???????? ??????; ???????? ???????????? ???????-??????, ????-???????? ??????? ??? ????????. {?}","8 ??? ????????? ???????????? ?? ????? ???? ??????? ??? ? ?????? ????? ????? ???? ????? ????, ??? ????? ????????? ?? ????????.  ",Emor,300,3,Times,Rest on Holidays,Appointed Times
99,Do not do prohibited labor on the seventh day of Passover ,N,LEV 23:8,"'But for seven days you shall present an offering by fire to the LORD. On the seventh day is a holy convocation; you shall not do any laborious work.'""",  ?????????????? ??????? ??????? ???????? ?????? ???????? ???????????? ?????????????? ????????????? ??????? ??? ????????? ? ?,??? ????????? ???????????? ?? ????? ???? ?????? ??? ? ?????? ????? ????? ???? ????? ???? ??? ????? ????????? ?? ????????,Emor,301,3,Times,Rest on Holidays,Appointed Times
100,Rest on the Feast of Weeks,P,LEV 23:21,'On this same day you shall make a proclamation as well; you are to have a holy convocation. You shall do no laborious work. It is to be a perpetual statute in all your dwelling places throughout your generations.,"?? ?????????? ???????? ??????? ??????, ???????-?????? ??????? ?????--????-???????? ???????, ??? ????????: ?????? ?????? ??????-??????????????, ????????????.","21 ??? ???????? ?????? ??? ?????? ??????? ???? ????? ????, ??? ????? ????????? ?? ???????? ?? ????? ??????? ??????? ??? ??? ?????? ???? ?? ???? ?? ???????? ????. --  ",Emor,308,3,Times,Rest on Holidays,Appointed Times
101,Do not do prohibited labor on the Feast of Weeks ,N,LEV 23:21,'On this same day you shall make a proclamation as well; you are to have a holy convocation. You shall do no laborious work. It is to be a perpetual statute in all your dwelling places throughout your generations.,  ?????????? ???????? ??????? ?????? ?????????????? ??????? ????? ????????????? ??????? ??? ???????? ?????? ?????? ????????????????????? ????????????? ?,??? ???????? ?????? ??? ?????? ?????? ???? ????? ???? ??? ????? ????????? ?? ???????? ?? ???? ??????? ??????? ??? ??? ?????? ???? ?? ???? ?? ???????? ????,Emor,309,3,Times,Rest on Holidays,Appointed Times
102,Rest on the Feast of Trumpets,P,LEV 23:24,"""Speak to the sons of Israel, saying, 'In the seventh month on the first of the month you shall have a rest, a reminder by blowing of trumpets, a holy convocation.","?? ??????? ???-?????? ??????????, ??????: ????????? ???????????? ???????? ????????, ??????? ????? ??????????--???????? ?????????, ???????-??????.","24 ??????? ???? ????? ?????? ????? ??? ????? ??? ??????? ??? ??? ????? ????? ???? ?????????, ?????????? ?????????, ????? ???? ????? ?????  ",Emor,310,3,Times,Rest on Holidays,Appointed Times
103,Do not do prohibited labor on the Feast of Trumpets,N,LEV 23:25,"'You shall not do any laborious work, but you shall present an offering by fire to the LORD.'""","?? ????-???????? ???????, ??? ????????; ?????????????? ???????, ???????. {?}",25 ??? ????? ????????? ?? ???????? ??? ????????? ?????????? ?????.  ,Emor,311,3,Times,Rest on Holidays,Appointed Times
104,Rest on the Feast of Tabernacles,P,LEV 23:35,'On the first day is a holy convocation; you shall do no laborious work of any kind.,"?? ???????? ??????????, ???????-??????; ????-???????? ???????, ??? ????????.","35 ??? ? ????? ? ????? ????? ????, ??? ????? ????????? ?? ????????.  ",Emor,318,3,Times,Rest on Holidays,Appointed Times
105,Do not do prohibited labor on the first day of the Feast of Tabernacles ,N,LEV 23:35,'On the first day is a holy convocation; you shall do no laborious work of any kind.,  ???????? ?????????? ?????????????? ????????????? ??????? ??? ????????? ?,??? ? ????? ? ????? ????? ???? ??? ????? ????????? ?? ????????,Emor,319,3,Times,Rest on Holidays,Appointed Times
106,Rest on the eighth day of the Feast of Tabernacles,P,LEV 23:36,'For seven days you shall present an offering by fire to the LORD. On the eighth day you shall have a holy convocation and present an offering by fire to the LORD; it is an assembly. You shall do no laborious work.,"?? ???????? ??????, ??????????? ??????? ???????; ???????? ???????????? ???????-?????? ??????? ????? ?????????????? ??????? ???????, ??????? ????--????-???????? ???????, ??? ????????.","36 ???? ?????? ????????? ???????????? ?? ?????? ??? ? ????? ? ????? ????? ???? ????? ????, ??? ????????? ???????????? ?? ?????? ??????? ?????, ??? ????? ????????? ?? ????????.  ",Emor,321,3,Times,Rest on Holidays,Appointed Times
107,Do not do prohibited labor on the last day of the Feast of Tabernacles,N,LEV 23:36,'For seven days you shall present an offering by fire to the LORD. On the eighth day you shall have a holy convocation and present an offering by fire to the LORD; it is an assembly. You shall do no laborious work.,  ???????? ?????? ??????????? ??????? ??????? ???????? ???????????? ?????????????? ??????? ????? ?????????????? ??????? ??????? ??????? ???? ????????????? ??????? ??? ????????? ?,???? ?????? ????????? ???????????? ?? ????? ??? ? ????? ? ????? ????? ???? ????? ???? ??? ????????? ???????????? ?? ????? ??????? ????? ??? ????? ????????? ?? ????????,Emor,323,3,Times,Rest on Holidays,Appointed Times
108,Do not eat leavened food on the afternoon of the 14th day of Nisan,N,DEU 16:3,"""You shall not eat leavened bread with it; seven days you shall eat with it unleavened bread, the bread of affliction (for you came out of the land of Egypt in haste), so that you may remember all the days of your life the day when you came out of the land of Egypt.","? ???-?????? ?????? ?????, ???????? ?????? ???????-?????? ??????? ????? ?????: ???? ???????????, ??????? ??????? ?????????--??????? ????????? ???-???? ??????? ??????? ?????????, ???? ????? ????????.","3 ?? ???? ??? ????? ?????? ???? ?????? ???? ??? ????? ?????, ????? ????????, ??? ?? ?????? ???????? ?? ????????? ??? ???????? ??? ?????? ??? ??????? ???? ?? ??? ???????? ????? ??? ?????? ??? ???? ????.  ",Re'eh,485,3,Times,Leaven and Unleavened Bread,Appointed Times
109,Destroy all leaven on 14th day of Nisan ,P,EXO 12:15,"'Seven days you shall eat unleavened bread, but on the first day you shall remove leaven from your houses; for whoever eats anything leavened from the first day until the seventh day, that person shall be cut off from Israel.","?? ???????? ??????, ??????? ?????????--???? ???????? ??????????, ????????????? ??????? ????????????: ???? ????-????? ?????, ??????????? ????????? ?????? ?????????????--??????? ?????????, ???-???? ???????????.","15 ???? ?????? ????? ??????, ??? ?? ??? ?????? ??? ?????? ????????? ????? ?? ??? ?????? ????? ???, ?? ?? ???? ?????, ???????????????? ? ???? ?????? ?? ?????? ??? ??? ?????? ??? ?????? ??? ??? ?????? ??? ???????.  ",Bo,9,3,Times,Leaven and Unleavened Bread,Appointed Times
110,Do not eat leaven all seven days of Passover,N,EXO 13:3,"Moses said to the people, ""Remember this day in which you went out from Egypt, from the house of slavery; for by a powerful hand the LORD brought you out from this place. And nothing leavened shall be eaten.","? ????????? ?????? ???-?????, ?????? ???-??????? ?????? ?????? ???????? ???????????? ??????? ????????, ???? ???????? ???, ??????? ?????? ??????? ??????; ????? ???????, ?????.","3 ????? ?? ?????? ???? ??? ???? ??????????? ??? ?????? ??????, ?? ? ???????? ?? ??? ???????? ?? ????? ????????? ?? ??? ????? ??????? ???????? ???? ?????? ????????? ??? ?? ?????????? ????.  ",Bo,19,3,Times,Leaven and Unleavened Bread,Appointed Times
111,Do not eat mixtures containing leaven all seven days of Passover ,N,EXO 12:20,"'You shall not eat anything leavened; in all your dwellings you shall eat unleavened bread.'""","? ????-?????????, ??? ????????; ??????, ??????????????, ?????????, ???????. {?}","20 ??? ??????? ??? ??????, ?? ????? ?? ???????????? ???? ?????? ?????.  ",Bo,12,3,Times,Leaven and Unleavened Bread,Appointed Times
112,Do not see leaven in your domain seven days during Passover ,N,EXO 13:7,"""Unleavened bread shall be eaten throughout the seven days; and nothing leavened shall be seen among you, nor shall any leaven be seen among you in all your borders.","? ???????, ???????, ???, ???????? ?????????; ?????-??????? ???? ?????, ?????-??????? ???? ??????--??????-?????????.","7 ????? ?????? ??? ???? ??????, ??? ????????? ??? ???????, ???? ????? ??? ???? ?? ????? ???? ?????? ???.  ",Bo,20,3,Times,Leaven and Unleavened Bread,Appointed Times
113,Do not find leaven in your domain seven days during Passover ,N,EXO 12:19,"Seven days there shall be no leaven found in your houses; for whoever eats what is leavened, that person shall be cut off from the congregation of Israel, whether he is an alien or a native of the land.","?? ???????? ??????--??????, ??? ???????? ????????????: ???? ????-????? ?????????, ??????????? ????????? ?????? ??????? ??????????--???????, ??????????? ???????.","19 ???? ?????? ???? ??? ??????????? ?? ???? ??????? ????? ???, ?? ?? ???? ???????, ???????????????? ? ???? ?????? ?? ????????? ?????? ?? ?? ???? ???????? ??? ?????????? ??? ????  ",Bo,11,3,Times,Leaven and Unleavened Bread,Appointed Times
114,Eat unleavened bread on the first night of Passover ,P,EXO 12:18,"In the first month, on the fourteenth day of the month at evening, you shall eat unleavened bread, until the twenty-first day of the month at evening.","?? ?????????? ????????????? ?????? ???? ????????, ????????, ?????????, ??????: ??? ???? ??????? ???????????, ????????--????????.",18 ??????????? ?? ????????????????? ????? ??? ????? ??? ?????? ??? ??????? ?????? ????? ??? ?????? ???? ??? ??????? ??? ????? ??? ???????.  ,Bo,10,3,Times,Leaven and Unleavened Bread,Appointed Times
115,Relate the Exodus from Egypt on the fIrst night Passover ,P,EXO 13:8,"""You shall tell your son on that day, saying, 'It is because of what the LORD did for me when I came out of Egypt.'","? ???????????? ????????, ???????? ?????? ??????: ????????? ???, ?????? ?????? ???, ?????????, ????????????.","8 ??? ?????????? ?? ??? ??? ?? ?? ????? ?????? ????? ??? ????? ???????? ?????? ? ???? ???, ?? ???????????? ?? ????????.  ",Bo,21,3,Times,Leaven and Unleavened Bread,Appointed Times
116,Hear the ram's horn on the Feast of Trumpets ,P,NUM 29:1,"'Now in the seventh month, on the first day of the month, you shall also have a holy convocation; you shall do no laborious work. It will be to you a day for blowing trumpets.","? ?????????? ???????????? ???????? ????????, ???????-?????? ??????? ?????--????-???????? ???????, ??? ????????: ???? ?????????, ??????? ?????.","1 ??? ?? ???? ?? ?????? ??? ??? ????? ????????? ???? ????? ????, ??? ????? ????????? ?? ????????? ????? ???????? ????? ????.  ",Pinchas,405,3,Times,"Shofar, Sukkar, and Lulav",Appointed Times
117,Dwell in a temporary shelter for the seven days of the Feast of Tabernacles,P,LEV 23:42,"'You shall live in booths for seven days; all the native-born in Israel shall live in booths,","?? ?????????? ?????????, ???????? ??????; ????-?????????, ?????????????, ????????, ??????????.","42 ?? ??????? ??????????? ???? ??????, ??? ? ???????? ?? ?????? ?????????? ?? ???????,  ",Emor,325,3,Times,"Shofar, Sukkar, and Lulav",Appointed Times
118,Take up a Lulav and Etrog all seven days of the Feast of Tabernacles ,P,LEV 23:40,"'Now on the first day you shall take for yourselves the foliage of beautiful trees, palm branches and boughs of leafy trees and willows of the brook, and you shall rejoice before the LORD your God for seven days.","? ???????????? ????? ???????? ??????????, ?????? ??? ????? ??????? ?????????, ??????? ???-?????, ?????????-?????; ?????????????, ??????? ?????? ??????????--???????? ??????.",40 ??? ???????? ?? ????? ?? ????? ?????? ????? ?????? ??? ????????? ???????? ??? ??????? ????? ?????? ??? ????? ??? ????? ??????? ?? ????????? ??????????? ?????? ?????? ??? ???? ???? ???? ??????  ,Emor,324,3,Times,"Shofar, Sukkar, and Lulav",Appointed Times
119,Each male Israelite must give a half shekel annually ,P,EXO 30:13,"""This is what everyone who is numbered shall give: half a shekel according to the shekel of the sanctuary (the shekel is twenty gerahs), half a shekel as a contribution to the LORD.","?? ??? ????????, ????-??????? ???-???????????--???????? ?????????, ????????? ?????????: ????????? ??????, ?????????--???????? ?????????, ????????? ???????.","13 ??? ????? ????? ? ???????? ???? ?? ?????????????? ??? ?????????? ?? ????? ??? ?????????, ? ????? ???? ?? ????????? ?? ?????? ?????? ?????? ?? ?????????, ?? ?? ????? ??? ????????? ??????? ?????.  ",Ki Tisa,105,3,Times,Shekels,Appointed Times
120,The month of Passover (Nisan) shall be the first month,P,EXO 12:2,"""This month shall be the beginning of months for you; it is to be the first month of the year to you.","? ???????? ?????? ?????, ????? ?????????: ???????? ???? ?????, ?????????? ?????????.","2 ? ??? ????? ???? ???? ?????, ?????? ????? ???? ?? ???? ????? ??? ????????.  ",Bo,4,3,Times,Sanctification of Months,Appointed Times
121,To afflict and cry out before G-d in times of catastrophe,P,NUM 10:9,"""When you go to war in your land against the adversary who attacks you, then you shall sound an alarm with the trumpets, that you may be remembered before the LORD your God, and be saved from your enemies.","? ?????-??????? ????????? ????????????, ???-?????? ???????? ???????--???????????, ????????????; ???????????????, ??????? ?????? ??????????, ??????????????, ????????????.","9 ??? ?? ???????? ??? ??????? ?? ?? ?? ???? ???? ???? ??????????? ???? ???????????? ????, ??? ????????? ???? ????????? ??? ?????????????? ?????? ?????? ??? ???????????? ??? ??? ?????? ????.  ",B'ha'alot'cha,384,3,Times,Fasts,Prayer and Confession
122,Marry a wife by means of a marriage agreement and sanctification,P,DEU 22:13,"""If any man takes a wife and goes in to her and then turns against her,","?? ????-?????? ?????, ???????; ????? ???????, ???????????.",13 ??? ?? ??? ???? ??????? ??? ????????? ???? ??? ?????? ?????  ,Ki Tetze,552,4,Women,Marriage,Marriage and Family
123,Do not have sexual relations with women not married by means of a marriage agreement and sanctification,N,DEU 23:18,"""You shall not bring the hire of a harlot or the wages of a dog into the house of the LORD your God for any votive offering, for both of these are an abomination to the LORD your God.","?? ???-?????? ??????? ?????? ???????? ??????, ????? ?????? ?????????--?????-?????: ???? ???????? ?????? ?????????, ????-?????????. {?}","(23:19) ?? ?????????? ??????? ?????? ???? ??????? ????? ??? ??? ????? ?????? ??? ???? ??? ???? ????? ?????, ??? ???????? ????? ?? ??? ??? ????? ??? ????????.  ",Ki Tetze,,4,Women,Marriage,Marriage and Family
124,"Do not withhold food, clothing, and sexual relations from your wife ",N,EXO 21:10,"""If he takes to himself another woman, he may not reduce her food, her clothing, or her conjugal rights.","? ???-???????, ??????-???--????????? ?????????? ??????????, ??? ???????.","10 ??? ?? ????? ???? ?????, ?? ?????? ??? ??? ????????? ??? ??? ??????? ????? ??? ???????????.  ",Mishpatim,46,4,Women,Marriage,Marriage and Family
125,Have children with one's wife ,P,GEN 1:28,"God blessed them; and God said to them, ""Be fruitful and multiply, and fill the earth, and subdue it; and rule over the fish of the sea and over the birds of the sky and over every living thing that moves on the earth.""","??  ?????????? ?????, ????????, ????????? ????? ???????? ?????? ??????? ????????? ???-???????, ???????????; ??????? ???????? ??????, ???????? ???????????, ???????-??????, ?????????? ???-???????.",28 ??? ????????? ?????? ? ???? ????? ????????? ??? ?????????? ??? ????????? ??? ??? ??? ?????????????? ????? ??? ?????? ??? ?????? ??? ???????? ??? ??? ???????? ??? ??????? ??? ?????? ??? ?????? ??? ????? ??? ??? ??? ?????? ??? ??????? ??? ???????? ??? ??? ???.  ,Bereshit,1,4,Women,Marriage,Marriage and Family
126,"Issue a divorce by means of a ""get"" document",P,DEU 24:1,"""When a man takes a wife and marries her, and it happens that she finds no favor in his eyes because he has found some indecency in her, and he writes her a certificate of divorce and puts it in her hand and sends her out from his house,","? ????-?????? ????? ???????, ??????????; ??????? ???-??? ???????-??? ??????????, ????-????? ???? ??????? ??????--??????? ???? ????? ????????? ??????? ?????????, ???????????? ?????????.","1 ??? ?? ??? ???? ??????? ??? ????????? ????, ??? ????? ??? ?? ???? ????? ???????? ?????, ??? ????? ?? ???? ??????? ??????, ??? ?????? ???? ??????? ?????????? ??? ????? ??? ??? ?????? ????? ??? ??????????? ????? ?? ??? ?????? ?????,  ",Ki Tetze,,4,Women,Divorce,Marriage and Family
127,A man must not remarry his ex-wife after she has married someone else,N,DEU 24:4,"then her former husband who sent her away is not allowed to take her again to be his wife, since she has been defiled; for that is an abomination before the LORD, and you shall not bring sin on the land which the LORD your God gives you as an inheritance.","? ???-?????? ????????? ?????????? ??????-?????????? ??????? ??????????? ???????? ??? ?????????, ??????? ?????? ???????????--????-???????? ????, ??????? ??????; ????? ????????, ???-???????, ?????? ?????? ?????????, ????? ???? ???????. {?}","4 ?? ????????? ? ???? ? ???????? ? ???????????? ????? ???????????? ?????? ????? ????? ??????? ???? ?? ????????? ?????, ??? ???????? ????? ???????? ?????? ??? ???? ???? ??? ?? ???????? ??? ???, ?? ?????? ? ???? ???? ??????? ???? ?? ?????.  ",Ki Tetze,,4,Women,Divorce,Marriage and Family
128,A man must marry the widow of his childless brother,P,DEU 25:5,"""When brothers live together and one of them dies and has no son, the wife of the deceased shall not be married outside the family to a strange man. Her husband's brother shall go in to her and take her to himself as wife and perform the duty of a husband's brother to her.","? ????-???????? ?????? ????????, ????? ????? ????? ????? ????-???--???-??????? ??????-?????? ????????, ??????? ???: ???????? ????? ???????, ?????????? ??? ????????? ???????????.","5 ??? ?? ?????????? ??????? ??? ?? ???? ??? ??????? ??? ?? ?????, ?????? ?? ?? ? ????, ??? ????? ? ???? ??? ?????????? ??? ????? ?? ?????????? ? ??????? ??? ?????? ????? ???????????? ???? ????? ??? ???????? ????? ????? ??????? ??? ?????????? ????.  ",Ki Tetze,,4,Women,Levirate Marriage and Release,Marriage and Family
129,A man must free the widow of his childless brother from the obligation to marry him if he is unwilling to marry her,P,DEU 25:9,"then his brother's wife shall come to him in the sight of the elders, and pull his sandal off his foot and spit in his face; and she shall declare, 'Thus it is done to the man who does not build up his brother's house.'","? ??????????? ?????????? ??????, ???????? ???????????, ????????? ??????? ????? ???????, ????????? ?????????; ?????????, ?????????, ?????? ???????? ???????, ?????? ???-??????? ???-????? ??????.","9 ??? ??????????? ? ???? ??? ??????? ????? ?????? ??? ????????? ??? ???????? ?? ??????? ????? ?? ?? ??? ??? ????? ????? ??? ?????????? ??? ?? ???????? ????? ??? ??????????? ???? ????? ?????????? ?? ???????, ?? ??? ??????????? ??? ????? ??? ??????? ??????  ",Ki Tetze,,4,Women,Levirate Marriage and Release,Marriage and Family
130,A childless widow must not remarry until the ties with her brother-in-law are removed,N,DEU 25:5,"""When brothers live together and one of them dies and has no son, the wife of the deceased shall not be married outside the family to a strange man. Her husband's brother shall go in to her and take her to himself as wife and perform the duty of a husband's brother to her.",  ????????????? ?????? ???????? ????? ????? ????? ????? ???????? ??????????? ????????????? ???????? ??????? ??? ???????? ????? ??????? ?????????? ??? ????????? ???????????? ?,??? ?? ?????????? ??????? ??? ?? ???? ??? ??????? ??? ?? ????? ?????? ?? ?? ? ???? ??? ????? ? ???? ??? ?????????? ??? ????? ?? ????????? ? ??????? ??? ?????? ????? ???????????? ???? ????? ??? ???????? ????? ????? ??????? ??? ?????????? ????,Ki Tetze,,4,Women,Levirate Marriage and Release,Marriage and Family
131,The court must fine one who sexually seduces a maiden ,P,EXO 22:16,"""If a man seduces a virgin who is not engaged, and lies with her, he must pay a dowry for her to be his wife.","?? ?????-???????? ?????, ????????? ?????? ???-????????--???????? ???????: ????? ???????????? ????, ?????????.","16 (22:15) ??? ?? ??????? ??? ???????? ??????????? ??? ??????? ???? ?????, ????? ??????? ????? ???? ???????.  ",Mishpatim,61,4,Women,Virgin Maiden,"Courts, Crimes, and Punishments"
132,One who seduces a maiden must marry the maiden if she chooses,P,DEU 22:29,"then the man who lay with her shall give to the girl's father fifty shekels of silver, and she shall become his wife because he has violated her; he cannot divorce her all his days.","?? ??????? ??????? ????????? ???????, ??????? ?????????--?????????? ??????; ?????-??????? ?????????, ?????? ?????? ???????--???-?????? ??????????, ????-??????. {?}","29 ????? ? ???????? ? ????????? ???? ????? ?? ????? ??? ???????? ?????????? ???????? ????????, ??? ????? ????? ????, ???? ?? ??????????? ?????? ?? ????????? ???????????? ????? ??? ?????? ??????.  ",Ki Tetze,557,4,Women,Virgin Maiden,Marriage and Family
133,A seducer that marries the maiden he seduces must not divorce her,N,DEU 22:29,"then the man who lay with her shall give to the girl's father fifty shekels of silver, and she shall become his wife because he has violated her; he cannot divorce her all his days.",  ??????? ??????? ????????? ??????? ??????? *???? **?????????? ?????????? ?????? ????????????? ????????? ?????? ?????? ??????? ?????????? ??????????[Q]??[n]??[p]? ???????????? ? ?,????? ? ???????? ? ????????? ???' ????? ?? ????? ??? ???????? ?????????? ???????? ???????? ??? ????? ????? ???? ???' ?? ??????????? ????? ?? ????????? ???????????? ????? ??? ?????? ??????,Ki Tetze,558,4,Women,Virgin Maiden,Marriage and Family
134,A man who slanders his wife with accusations of adultery must remain married to his wife,P,DEU 22:19,"and they shall fine him a hundred shekels of silver and give it to the girl's father, because he publicly defamed a virgin of Israel. And she shall remain his wife; he cannot divorce her all his days.","?? ?????????? ????? ????? ?????, ????????? ??????? ??????????--???? ??????? ???? ???, ??? ????????? ??????????; ?????-??????? ?????????, ???-?????? ???????????? ????-??????. {?}","19 ??? ??????????? ????? ?????? ??????? ??? ???????? ?? ????? ??? ????????, ??? ????????? ????? ??????? ??? ???????? ??????????? ??? ????? ????? ????, ?? ????????? ???????????? ????? ??? ?????? ??????.  ",Ki Tetze,553,4,Women,Virgin Maiden,Marriage and Family
135,A man who slanders his wife with accusations of adultery must not divorce her,N,DEU 22:19,"and they shall fine him a hundred shekels of silver and give it to the girl's father, because he publicly defamed a virgin of Israel. And she shall remain his wife; he cannot divorce her all his days.",  ?????????? ????? ????? ????? ????????? ??????? ?????????? ???? ??????? ???? ??? ??? ????????? ?????????? ????????????? ????????? ?????????? ??????????????[Q]??[n]??[p]? ???????????? ? ?,??? ??????????? ????? ?????? ??????? ??? ???????? ?? ????? ??? ???????? ??? ????????? ????? ??????? ??? ???????? ?????????? ??? ????? ????? ???? ?? ????????? ???????????? ????? ??? ?????? ??????,Ki Tetze,554,4,Women,Virgin Maiden,Marriage and Family
136,Fulfill the laws of the woman suspected of adultery,P,NUM 5:30,"or when a spirit of jealousy comes over a man and he is jealous of his wife, he shall then make the woman stand before the LORD, and the priest shall apply all this law to her.","? ??? ?????, ?????? ???????? ?????? ????? ???????--???????? ???-?????????; ?????????? ???-?????????, ??????? ??????, ???????? ???? ????????, ??? ????-????????? ???????.","30 ? ????????, ? ??? ?????? ??? ????? ?????? ???????? ??? ?????? ??? ??????? ?????, ??? ?????? ??? ??????? ????? ?????? ??????, ??? ??????? ???? ? ?????? ????? ??? ????? ???????  ",Naso,365,4,Women,Woman Suspected of Adultery,Marriage and Family
137,Do not put oil on the meal offering of a woman suspected of adultery,N,NUM 5:15,"the man shall then bring his wife to the priest, and shall bring as an offering for her one-tenth of an ephah of barley meal; he shall not pour oil on it nor put frankincense on it, for it is a grain offering of jealousy, a grain offering of memorial, a reminder of iniquity.","?? ???????? ??????? ???-?????????, ???-????????, ???????? ???-??????????? ???????, ????????? ???????? ????? ?????????; ???-????? ?????? ??????, ?????-?????? ?????? ???????--????-??????? ??????? ????, ??????? ????????? ?????????? ??????.","15 ??? ???? ? ???????? ??? ??????? ????? ???? ??? ????? ??? ????????? ?? ????? ???? ????? ?? ??????? ??? ???? ??????? ????????, ??? ??????? ??? ???? ?????? ???? ???????? ??? ???? ???????, ????? ??? ????? ??????????, ????? ?????????? ?????????????? ????????.  ",Naso,366,4,Women,Woman Suspected of Adultery,Marriage and Family
138,Do not put frankincense on the meal offering of a woman suspected of adultery,N,NUM 5:15,"the man shall then bring his wife to the priest, and shall bring as an offering for her one-tenth of an ephah of barley meal; he shall not pour oil on it nor put frankincense on it, for it is a grain offering of jealousy, a grain offering of memorial, a reminder of iniquity.",  ???????? ??????? ????????????? ???????????? ???????? ??????????????? ??????? ????????? ???????? ????? ????????? ????????? ?????? ?????? ???????????? ?????? ??????? ???????????? ??????? ???? ??????? ????????? ?????????? ?????? ?,??? ???? ? ???????? ??? ??????? ????? ???? ??? ????? ??? ????????? ?? ????? ???? ????? ?? ??????? ??? ???? ??????? ???????? ??? ??????? ??' ???? ?????? ???? ???????? ??' ???? ??????? ????? ??? ????? ?????????? ????? ?????????? ?????????????? ????????,Naso,367,4,Women,Woman Suspected of Adultery,Marriage and Family
139,Do not have sexual relations with your mother ,N,LEV 18:7,"'You shall not uncover the nakedness of your father, that is, the nakedness of your mother. She is your mother; you are not to uncover her nakedness.","? ??????? ??????? ????????? ???????, ??? ????????: ??????? ????, ??? ???????? ??????????. {?}","7 ??????????? ?????? ??? ??? ??????????? ?????? ??? ??? ???????????? ????? ??? ??? ?????, ??? ??? ??????????? ??? ??????????? ?????.  ",Acharei Mot,190,5,Holiness,Forbidden Sexual Relations,Forbidden Sexual Relationships
140,Do not have sexual relations with your father's wife ,N,LEV 18:8,'You shall not uncover the nakedness of your father's wife; it is your father's nakedness.,"? ??????? ??????-???????, ??? ????????: ??????? ???????, ????. {?}",8 ??????????? ???????? ?????? ??? ??? ???????????? ?????????? ?????? ??? ?????.  ,Acharei Mot,191,5,Holiness,Forbidden Sexual Relations,Forbidden Sexual Relationships
141,Do not have sexual relations with your sister ,N,LEV 18:9,"The nakedness of your sister, either your father's daughter or your mother's daughter, whether born at home or born outside, their nakedness you shall not uncover.","? ??????? ????????? ???-???????, ??? ???-???????, ???????? ??????, ??? ???????? ????--??? ????????, ?????????. {?}","9 ??????????? ??? ??????? ??? ?? ?????? ??? ? ?? ?????? ???, ?????????? ? ???????????? ???, ??? ??????????? ??????????? ?????.  ",Acharei Mot,192,5,Holiness,Forbidden Sexual Relations,Forbidden Sexual Relationships
142,Do not have sexual relations with your father's wife's daughter ,N,LEV 18:11,"'The nakedness of your father's wife's daughter, born to your father, she is your sister, you shall not uncover her nakedness.","?? ??????? ????-?????? ??????? ???????? ???????, ????????? ????--??? ????????, ??????????. {?}","11 ??????????? ???????? ???????? ?????? ??? ??? ???????????? ????????? ?????? ??? ?????, ??? ??????????? ??? ??????????? ?????.  ",Acharei Mot,196,5,Holiness,Forbidden Sexual Relations,Forbidden Sexual Relationships
143,Do not have sexual relations with your son's daughter ,N,LEV 18:10,"'The nakedness of your son's daughter or your daughter's daughter, their nakedness you shall not uncover; for their nakedness is yours.","? ??????? ????-??????? ??? ???-????????, ??? ???????? ?????????: ???? ??????????, ??????. {?}","10 ??????????? ???????? ???? ??? ? ???????? ???????? ???, ??? ??????????? ??? ??????????? ?????, ??? ?? ?????????? ?????.  ",Acharei Mot,193,5,Holiness,Forbidden Sexual Relations,Forbidden Sexual Relationships
144,Do not have sexual relations with your daughter ,N,LEV 18:6,'None of you shall approach any blood relative of his to uncover nakedness; I am the LORD.,"? ????? ????? ???-????-?????? ?????????, ??? ????????? ????????? ???????: ?????, ??????. {?}",6 ???????? ???????? ???? ????? ?????? ?????? ????? ?? ????????????? ?????????? ???????????? ??? ??????.  ,Acharei Mot,195,5,Holiness,Forbidden Sexual Relations,Forbidden Sexual Relationships
145,Do not have sexual relations with your daughter's daughter ,N,LEV 18:10,"'The nakedness of your son's daughter or your daughter's daughter, their nakedness you shall not uncover; for their nakedness is yours.",  ??????? ???????????? ??? ???????????? ??? ???????? ????????? ???? ?????????? ??????? ? ?,??????????? ???????? ???? ??? ? ???????? ???????? ??? ??? ??????????? ??? ??????????? ????? ??? ?? ?????????? ?????,Acharei Mot,194,5,Holiness,Forbidden Sexual Relations,Forbidden Sexual Relationships
146,Do not have sexual relations with a woman and her daughter ,N,LEV 18:17,"'You shall not uncover the nakedness of a woman and of her daughter, nor shall you take her son's daughter or her daughter's daughter, to uncover her nakedness; they are blood relatives. It is lewdness.","?? ??????? ??????? ?????????, ??? ????????: ???-????-??????? ?????-????-????????, ??? ?????? ????????? ??????????--???????? ??????, ?????? ????.","17 ??????????? ???????? ??? ???????? ????? ??? ???????????? ??? ???????? ??? ???? ????? ??? ??? ???????? ??? ???????? ????? ?? ????? ?????????? ??? ??????????? ?????? ??????? ??? ??? ?????, ??????? ?????.  ",Acharei Mot,203,5,Holiness,Forbidden Sexual Relations,Forbidden Sexual Relationships
147,Do not have sexual relations with a woman and her son's daughter ,N,LEV 18:17,"'You shall not uncover the nakedness of a woman and of her daughter, nor shall you take her son's daughter or her daughter's daughter, to uncover her nakedness; they are blood relatives. It is lewdness.",  ??????? ??????? ????????? ??? ???????? ???????????????? ??????????????????? ??? ?????? ????????? ?????????? ???????? ?????? ?????? ?????[1]? ?,??????????? ???????? ??? ???????? ????? ??? ??????????? ??? ???????? ??? ???? ????? ??? ??? ???????? ??? ???????? ????? ?? ????? ?????????? ??? ??????????? ????? ??????? ??? ??? ????? ??????? ?????,Acharei Mot,204,5,Holiness,Forbidden Sexual Relations,Forbidden Sexual Relationships
148,Do not have sexual relations with a woman and her daughter's daughter ,N,LEV 18:17,"'You shall not uncover the nakedness of a woman and of her daughter, nor shall you take her son's daughter or her daughter's daughter, to uncover her nakedness; they are blood relatives. It is lewdness.",  ??????? ??????? ????????? ??? ???????? ???????????????? ??????????????????? ??? ?????? ????????? ?????????? ???????? ?????? ?????? ?????[1]? ?,??????????? ???????? ??? ???????? ????? ??? ??????????? ??? ???????? ??? ???? ????? ??? ??? ???????? ??? ???????? ????? ?? ????? ?????????? ??? ??????????? ????? ??????? ??? ??? ????? ??????? ?????,Acharei Mot,205,5,Holiness,Forbidden Sexual Relations,Forbidden Sexual Relationships
149,Do not have sexual relations with your father's sister ,N,LEV 18:12,'You shall not uncover the nakedness of your father's sister; she is your father's blood relative.,"?? ??????? ??????-???????, ??? ????????: ?????? ???????, ????. {?}",12 ??????????? ??????? ?????? ??? ??? ???????????? ?????? ??? ?????? ??? ?????.  ,Acharei Mot,197,5,Holiness,Forbidden Sexual Relations,Forbidden Sexual Relationships
150,Do not have sexual relations with your mother's sister ,N,LEV 18:13,"'You shall not uncover the nakedness of your mother's sister, for she is your mother's blood relative.","?? ??????? ??????-???????, ??? ????????: ????-?????? ???????, ????. {?}",13 ??????????? ??????? ?????? ??? ??? ???????????? ?????? ??? ?????? ??? ?????.  ,Acharei Mot,198,5,Holiness,Forbidden Sexual Relations,Forbidden Sexual Relationships
151,Do not have sexual relations with your father's brother's wife ,N,LEV 18:14,"'You shall not uncover the nakedness of your father's brother; you shall not approach his wife, she is your aunt.","?? ??????? ?????-???????, ??? ????????: ???-????????? ??? ???????, ????????? ????. {?}",14 ??????????? ??????? ??? ?????? ??? ??? ??????????? ??? ???? ??? ??????? ????? ??? ?????????? ???????? ??? ??? ?????.  ,Acharei Mot,200,5,Holiness,Forbidden Sexual Relations,Forbidden Sexual Relationships
152,Do not have sexual relations with your son's wife ,N,LEV 18:15,"'You shall not uncover the nakedness of your daughter-in-law; she is your son's wife, you shall not uncover her nakedness.","?? ??????? ??????????, ??? ????????: ?????? ??????? ????, ??? ???????? ??????????. {?}","15 ??????????? ?????? ??? ??? ???????????? ???? ??? ???? ??? ?????, ??? ??????????? ??? ??????????? ?????.  ",Acharei Mot,201,5,Holiness,Forbidden Sexual Relations,Forbidden Sexual Relationships
153,Do not have sexual relations with your brother's wife ,N,LEV 18:16,'You shall not uncover the nakedness of your brother's wife; it is your brother's nakedness.,"?? ??????? ??????-???????, ??? ????????: ??????? ???????, ????. {?}",16 ??????????? ???????? ??????? ??? ??? ???????????? ?????????? ??????? ??? ?????.  ,Acharei Mot,202,5,Holiness,Forbidden Sexual Relations,Forbidden Sexual Relationships
154,Do not have sexual relations with your wife's sister ,N,LEV 18:18,"'You shall not marry a woman in addition to her sister as a rival while she is alive, to uncover her nakedness.","?? ????????? ???-????????, ??? ??????: ???????, ????????? ?????????? ???????--???????????.",18 ??????? ??? ?????? ????? ?? ????? ????????? ?????????? ??? ??????????? ????? ??? ???? ??? ????? ?????.  ,Acharei Mot,206,5,Holiness,Forbidden Sexual Relations,Forbidden Sexual Relationships
155,A man must not have sexual relations with an animal ,N,LEV 18:23,"'Also you shall not have intercourse with any animal to be defiled with it, nor shall any woman stand before an animal to mate with it; it is a perversion.","?? ???????-???????? ???-?????? ????????????, ?????????-????; ?????????, ???-??????? ??????? ??????? ??????????--?????? ????.","23 ??? ???? ??? ????????? ?? ?????? ??? ?????? ??? ??? ???????????? ??????????? ???? ????, ??? ???? ?? ???????? ???? ??? ????????? ??????????? ??????? ??? ?????.  ",Acharei Mot,210,5,Holiness,Forbidden Sexual Relations,Forbidden Sexual Relationships
156,A woman must not have sexual relations with an animal ,N,LEV 18:23,"'Also you shall not have intercourse with any animal to be defiled with it, nor shall any woman stand before an animal to mate with it; it is a perversion.",  ???????????????? ?????????? ???????????? ?????????????? ????????? ??????????? ??????? ??????? ?????????? ?????? ????? ?,??? ???? ??? ????????? ?? ?????? ??? ?????? ??? ??? ???????????? ??????????? ???? ???? ??? ???? ?? ???????? ???? ??? ????????? ?????????? ??????? ??? ?????,Acharei Mot,211,5,Holiness,Forbidden Sexual Relations,Forbidden Sexual Relationships
157,Do not have homosexual sexual relations ,N,LEV 18:22,'You shall not lie with a male as one lies with a female; it is an abomination.,"?? ?????-?????--??? ?????????, ??????????? ???????: ?????????, ????.",22 ??? ???? ??????? ?? ????????? ?????? ????????? ???????? ??? ?????.  ,Acharei Mot,209,5,Holiness,Forbidden Sexual Relations,Forbidden Sexual Relationships
158,Do not have homosexual sexual relations with your father ,N,LEV 18:7,"'You shall not uncover the nakedness of your father, that is, the nakedness of your mother. She is your mother; you are not to uncover her nakedness.",  ??????? ??????? ????????? ??????? ??? ???????? ??????? ???? ??? ???????? ??????????? ? ?,??????????? ?????? ??? ??? ??????????? ?????? ??? ??? ??????????? ????? ??? ??? ????? ??? ??? ??????????? ??? ??????????? ?????,Acharei Mot,189,5,Holiness,Forbidden Sexual Relations,Forbidden Sexual Relationships
159,Do not have homosexual sexual relations with your father's brother ,N,LEV 18:14,"'You shall not uncover the nakedness of your father's brother; you shall not approach his wife, she is your aunt.",  ??????? ????????????? ??? ???????? ????????????? ??? ??????? ????????? ????? ? ?,??????????? ??????? ??? ?????? ??? ??? ??????????? ??? ???? ??? ??????? ????? ??? ????????? ???????? ??? ??? ?????,Acharei Mot,199,5,Holiness,Forbidden Sexual Relations,Forbidden Sexual Relationships
160,Do not have sexual relations with someone else's wife ,N,LEV 18:20,"'You shall not have intercourse with your neighbor's wife, to be defiled with her.","? ?????-??????, ?????????--???-?????? ????????????, ???????: ?????????-????.",20 ??? ???? ??? ??????? ??? ??????? ??? ?? ?????? ?????? ????????? ??? ??????????? ???? ?????.  ,Acharei Mot,,5,Holiness,Forbidden Sexual Relations,Forbidden Sexual Relationships
161,Do not have sexual relations with a menstrually impure woman ,N,LEV 18:19,'Also you shall not approach a woman to uncover her nakedness during her menstrual impurity.,"?? ?????-???????, ????????? ??????????--??? ???????, ????????? ??????????.",19 ??? ???? ??????? ?? ??????? ?????????? ????? ?? ?????????? ?????????? ??? ??????????? ?????.  ,Acharei Mot,207,5,Holiness,Forbidden Sexual Relations,Forbidden Sexual Relationships
162,Do not marry those who are not members of the Covenant,N,DEU 7:3,"""Furthermore, you shall not intermarry with them; you shall not give your daughters to their sons, nor shall you take their daughters for your sons.","? ????? ??????????, ????: ???????? ???-?????? ???????, ???????? ???-?????? ????????.",3 ???? ?? ??????????? ???? ??????? ??? ???????? ??? ?? ?????? ?? ??? ????? ??? ??? ???????? ????? ?? ????? ?? ??? ????  ,Vaet Chanan,427,5,Holiness,Forbidden Sexual Relations,Marriage and Family
163,Do not let Moabite and Ammonite males marry into the Covenant people ,N,DEU 23:4,"because they did not meet you with food and water on the way when you came out of Egypt, and because they hired against you Balaam the son of Beor from Pethor of Mesopotamia, to curse you.","? ???-?????? ?????? ???-???????? ???????, ????????? ??????????, ??????????, ??????????? ????????????; ???????? ?????? ??????? ???-???????? ????-???????, ????????? ????? ?????????--???????????.","(23:5) ???? ?? ?? ?????????? ?????? ???? ???? ????? ??? ?????? ?? ?? ??? ????????????? ???? ?? ????????, ??? ??? ??????????? ??? ?? ??? ?????? ???? ???? ?? ??? ???????????? ???????????? ???  ",Ki Tetze,561,5,Holiness,Forbidden Sexual Relations,Marriage and Family
164,Do not prevent a third-generation Egyptian convert from marrying into the Covenant people ,N,DEU 23:7,"""You shall not detest an Edomite, for he is your brother; you shall not detest an Egyptian, because you were an alien in his land.",  ??????????? ??????? ???? ??????? ???? ? ??????????? ??????? ???????? ??????? ?????????? ?,23:8 ?? ??????? ????????? ??? ??????? ??? ????? ?? ??????? ????????? ??? ???????? ?????? ?? ?? ?? ?????,Ki Tetze,564,5,Holiness,Forbidden Sexual Relations,War and Battles
165,Do not refrain from marrying a third generation Edomite convert ,N,DEU 23:7,"""You shall not detest an Edomite, for he is your brother; you shall not detest an Egyptian, because you were an alien in his land.","? ???-??????? ???????, ???? ??????? ????; ???-??????? ???????, ????-??? ??????? ?????????.","(23:8) ?? ??????? ?????????, ??? ??????? ??? ?????? ?? ??????? ?????????, ??? ???????? ?????? ?? ?? ?? ??????  ",Ki Tetze,563,5,Holiness,Forbidden Sexual Relations,War and Battles
166,Do not let a child born due to an illegal relationship marry into the Covenant people ,N,DEU 23:3,"""No Ammonite or Moabite shall enter the assembly of the LORD; none of their descendants, even to the tenth generation, shall ever enter the assembly of the LORD,","? ???-????? ????????? ??????????, ???????? ??????: ???? ????? ?????????, ???-????? ????? ???????? ?????? ???-??????.",(23:4) ??? ???????????? ????????? ??? ???????? ??? ????????? ??????? ??? ??? ??????? ?????? ??? ???????????? ??? ????????? ?????? ??? ??? ??? ??? ?????  ,Ki Tetze,560,5,Holiness,Forbidden Sexual Relations,Marriage and Family
167,Do not let a eunuch marry into the Covenant people ,N,DEU 23:1,"""No one who is emasculated or has his male organ cut off shall enter the assembly of the LORD.","? ???-????? ???????-??????? ???????? ????????, ???????? ??????. {?}",(23:2) ??? ???????????? ??????? ??? ????????????? ??? ????????? ??????.  ,Ki Tetze,559,5,Holiness,Forbidden Sexual Relations,Marriage and Family
168,Do not offer to G-d any castrated male animals ,N,LEV 22:24,"Also anything with its testicles bruised or crushed or torn or cut, you shall not offer to the LORD, or sacrifice in your land,","?? ????????? ???????? ???????? ????????, ??? ?????????? ???????; ?????????????, ??? ????????.","24 ??????? ??? ????????????? ??? ???????? ??? ????????????, ?? ????????? ???? ?? ????? ??? ??? ??? ??? ???? ?? ????????.  ",Emor,291,5,Holiness,Forbidden Sexual Relations,Sacrifices and Offerings
169,The high priest must not marry a widow ,N,LEV 21:14,"'A widow, or a divorced woman, or one who is profaned by harlotry, these he may not take; but rather he is to marry a virgin of his own people,","?? ????????? ??????????? ????????? ?????, ???-?????? ??? ??????: ???? ???-????????? ?????????, ?????? ???????.","14 ????? ?? ??? ???????????? ??? ??????????? ??? ??????, ?????? ?? ????????, ???? ? ???????? ?? ??? ?????? ????? ???????? ????????  ",Emor,273,5,Holiness,Forbidden Sexual Relations,Levites & Priests
170,The high priest must not have sexual relations with a widow even outside of marriage ,N,LEV 21:15,"so that he will not profane his offspring among his people; for I am the LORD who sanctifies him.'""","?? ?????-???????? ???????, ??????????: ???? ????? ??????, ???????????. {?}",15 ??? ?? ????????? ?? ?????? ????? ?? ?? ??? ?????? ??? ?????? ? ??????? ?????.  ,Emor,274,5,Holiness,Forbidden Sexual Relations,Levites & Priests
171,The high priest must marry a virgin maiden ,P,LEV 21:13,'He shall take a wife in her virginity.,"?? ??????, ??????? ???????????? ??????.",13 ????? ??????? ???????? ?? ??? ?????? ????? ?????????  ,Emor,272,5,Holiness,Forbidden Sexual Relations,Levites & Priests
172,A priest must not marry a divorcee ,N,LEV 21:7,"'They shall not take a woman who is profaned by harlotry, nor shall they take a woman divorced from her husband; for he is holy to his God.","? ??????? ????? ????????? ??? ????????, ????????? ?????????? ?????????? ??? ????????: ????-?????? ????, ?????????.",7 ??????? ?????? ??? ??????????? ?? ????????? ??? ??????? ???????????? ??? ?????? ?????? ????? ????? ?? ????? ??? ?????.  ,Emor,268,5,Holiness,Forbidden Sexual Relations,Levites & Priests
173,A priest must not marry a woman who has had a forbidden sexual relationship,N,LEV 21:7,"'They shall not take a woman who is profaned by harlotry, nor shall they take a woman divorced from her husband; for he is holy to his God.",  ??????? ????? ????????? ??? ???????? ????????? ?????????? ?????????? ??? ???????? ??????????? ???? ?????????? ?,??????? ?????? ??? ??????????? ?? ????????? ??? ??????? ???????????? ??? ?????? ????? ????? ????? ?? ????? ??? ?????,Emor,266,5,Holiness,Forbidden Sexual Relations,Levites & Priests
174,A priest must not marry a desecrated woman,N,LEV 21:7,"'They shall not take a woman who is profaned by harlotry, nor shall they take a woman divorced from her husband; for he is holy to his God.",  ??????? ????? ????????? ??? ???????? ????????? ?????????? ?????????? ??? ???????? ??????????? ???? ?????????? ?,??????? ?????? ??? ??????????? ?? ????????? ??? ??????? ???????????? ??? ?????? ????? ????? ????? ?? ????? ??? ?????,Emor,267,5,Holiness,Forbidden Sexual Relations,Levites & Priests
175,Do not make pleasurable (sexual) contact with any forbidden woman ,N,LEV 18:6,'None of you shall approach any blood relative of his to uncover nakedness; I am the LORD.,  ????? ????? ??????????????? ????????? ??? ????????? ????????? ??????? ????? ??????? ? ?,???????? ???????? ???? ????? ?????? ?????? ????? ?? ????????????? ?????????? ??????????? ??? ??????,Acharei Mot,188,5,Holiness,Forbidden Sexual Relations,Forbidden Sexual Relationships
176,Examine the signs of animals to distinguish between those which are kosher and non-kosher,P,LEV 11:2,"""Speak to the sons of Israel, saying, 'These are the creatures which you may eat from all the animals that are on the earth.","? ????????? ???-?????? ??????????, ??????: ???? ???????? ?????? ?????????, ??????-?????????? ?????? ???-???????.","2 ???????? ???? ????? ?????? ???????? ????? ?? ?????, ? ??????? ??? ?????? ??? ?????? ??? ??? ??? ????  ",Shemini,153,5,Holiness,Forbidden Foods,Food
177,Examine the signs of fowl to distinguish between those which are kosher and non-kosher,P,DEU 14:11,"""You may eat any clean bird.","?? ????-??????? ???????, ?????????.",11 ??? ?????? ??????? ???????.  ,Re'eh,470,5,Holiness,Forbidden Foods,Food
178,Examine the signs of fish to distinguish between those which are kosher and non-kosher,P,LEV 11:9,"'These you may eat, whatever is in the water: all that have fins and scales, those in the water, in the seas or in the rivers, you may eat.","? ???-???, ?????????, ??????, ?????? ?????????: ???? ??????-??? ????????? ????????????? ?????????, ??????????? ?????????????--????? ?????????.","9 ??? ?????, ? ??????? ??? ?????? ??? ?? ???? ??????? ?????, ??? ????? ?????? ???????? ??? ??????? ?? ???? ?????? ??? ?? ???? ????????? ??? ?? ???? ??????????, ????? ???????.  ",Shemini,155,5,Holiness,Forbidden Foods,Food
179,Examine the signs of insects to distinguish between those which are kosher and non-kosher,P,LEV 11:21,Yet these you may eat among all the winged insects which walk on all fours: those which have above their feet jointed legs with which to jump on the earth.,"?? ???? ???-???, ?????????, ?????? ?????? ??????, ???????? ???-????????: ??????-?? (???) ????????? ???????? ??????????, ???????? ?????? ???-???????.","21 ???? ????? ??????? ??? ??? ??????? ??? ????????, ? ????????? ??? ???????? ? ???? ????? ???????? ??? ????? ????? ????? ?? ?????? ??? ??? ???.  ",Shemini,158,5,Holiness,Forbidden Foods,Food
180,Do not eat non-kosher animals ,N,LEV 11:4,"'Nevertheless, you are not to eat of these, among those which chew the cud, or among those which divide the hoof: the camel, for though it chews cud, it does not divide the hoof, it is unclean to you.","? ???? ???-???, ??? ????????, ?????????? ????????, ?????????????? ??????????: ???-???????? ????-??????? ????? ????, ????????? ????????? ????????--????? ????, ?????.","4 ???? ??? ?????? ?? ???????? ??? ??? ????????? ?????????? ??? ??? ??? ??????????? ??? ????? ??? ??????????? ???????????? ??? ???????, ??? ?????? ?????????? ?????, ????? ?? ?? ???????, ????????? ????? ?????  ",Shemini,154,5,Holiness,Forbidden Foods,Food
181,Do not eat non-kosher fowl ,N,LEV 11:13,"'These, moreover, you shall detest among the birds; they are abhorrent, not to be eaten: the eagle and the vulture and the buzzard,","?? ?????-?????? ???????????? ???-??????, ??? ????????? ?????? ???: ???-?????????, ?????-????????, ?????, ????????????.","13 ??? ????? ?????????? ??? ??? ????????, ??? ?? ??????????, ???????? ?????? ??? ????? ??? ??? ????? ??? ??? ?????????  ",Shemini,157,5,Holiness,Forbidden Foods,Food
182,Do not eat non-kosher fish ,N,LEV 11:11,"and they shall be abhorrent to you; you may not eat of their flesh, and their carcasses you shall detest.","?? ????????, ??????? ?????; ??????????? ??? ????????, ?????-????????? ????????????.","11 ??? ?????????? ??????? ????, ??? ??? ????? ????? ??? ?????? ??? ?? ????????? ????? ???????????  ",Shemini,156,5,Holiness,Forbidden Foods,Food
183,Do not eat non-kosher flying insects ,N,DEU 14:19,"""And all the teeming life with wings are unclean to you; they shall not be eaten.","?? ????? ?????? ??????, ????? ???? ?????: ???, ?????????.","19 ????? ?? ?????? ??? ???????? ???????? ????? ????? ????, ?? ??????? ??? ?????.  ",Re'eh,471,5,Holiness,Forbidden Foods,Food
184,Do not eat non-kosher creatures that crawl on land ,N,LEV 11:41,"'Now every swarming thing that swarms on the earth is detestable, not to be eaten.","?? ?????-?????????, ????????? ???-???????--?????? ????, ??? ???????.","41 ??? ??? ???????, ? ????? ??? ??? ???, ???????? ????? ????? ????, ?? ??????????.  ",Shemini,162,5,Holiness,Forbidden Foods,Food
185,Do not eat non-kosher vermin ,N,LEV 11:44,"'For I am the LORD your God. Consecrate yourselves therefore, and be holy, for I am holy. And you shall not make yourselves unclean with any of the swarming things that swarm on the earth.","?? ???? ????? ??????, ??????????, ?????????????????? ?????????? ?????????, ???? ??????? ?????; ????? ?????????? ???-?????????????, ??????-????????? ???????? ???-???????.","44 ??? ??? ???? ?????? ? ???? ????, ??? ???????????? ??? ????? ??????, ??? ????? ???? ??? ?????? ? ???? ????, ??? ?? ???????? ??? ????? ???? ?? ????? ???? ???????? ???? ??????????? ??? ??? ????  ",Shemini,165,5,Holiness,Forbidden Foods,Food
186,Do not eat worms found in fruit on the ground ,N,LEV 11:42,"Whatever crawls on its belly, and whatever walks on all fours, whatever has many feet, in respect to every swarming thing that swarms on the earth, you shall not eat them, for they are detestable.","?? ???? ??????? ???-??????? ????? ??????? ???-????????, ??? ????-???????? ?????????, ?????-?????????, ????????? ???-???????--??? ?????????, ????-?????? ???.","42 ??? ??? ? ??????????? ??? ??????? ??? ??? ? ??????????? ??? ??????? ??? ??????, ? ?????????? ????? ?? ????? ???? ???????? ???? ???????? ??? ??? ???, ?? ??????? ????, ??? ???????? ???? ?????.  ",Shemini,163,5,Holiness,Forbidden Foods,Food
187,Do not eat creatures that live in water other than kosher fish ,N,LEV 11:43,'Do not render yourselves detestable through any of the swarming things that swarm; and you shall not make yourselves unclean with them so that you become unclean.,"?? ???-????????????, ???-?????????????, ??????-?????????, ?????????; ????? ??????????? ??????, ??????????? ????.",43 ??? ?? ?? ????????? ??? ????? ???? ?? ???? ???? ???????? ???? ???????? ??? ??? ??? ??? ?? ??????????? ?? ??????? ??? ??? ????????? ?????? ?? ???????  ,Shemini,164,5,Holiness,Forbidden Foods,Food
188,Do not eat of an animal that dies of natural causes,N,DEU 14:21,"""You shall not eat anything which dies of itself. You may give it to the alien who is in your town, so that he may eat it, or you may sell it to a foreigner, for you are a holy people to the LORD your God. You shall not boil a young goat in its mother's milk.","?? ??? ???????? ???-??????? ?????? ??????-????????????? ???????????? ??????????, ??? ????? ?????????--???? ??? ??????? ??????, ??????? ?????????; ???-????????? ??????, ???????? ??????. {?}","21 ??? ?????????? ?? ???????? ?? ??????? ?? ?? ???? ??????? ??? ?????????, ??? ???????, ? ??????? ?? ????????? ??? ???? ????? ?? ????? ?? ??? ???. --??? ??????? ???? ?? ??????? ?????? ?????.  ",Re'eh,472,5,Holiness,Forbidden Foods,Food
189,Do not benefit from an ox condemned to be stoned ,N,EXO 21:28,"""If an ox gores a man or a woman to death, the ox shall surely be stoned and its flesh shall not be eaten; but the owner of the ox shall go unpunished.",  ???????????? ????? ????????? ??? ??????????? ????? ?????? ???????? ???????? ????? ??????? ????????????? ??????? ???????? ?????? ?,??? ?? ???????? ?????? ????? ? ??????? ??? ??????? ?????? ??????????????? ? ?????? ??? ?? ?????????? ?? ???? ????? ? ?? ?????? ??? ?????? ????? ?????,Mishpatim,52,5,Holiness,Forbidden Foods,Food
190,Do not eat meat of an animal that was mortally wounded ,N,EXO 22:31,"""You shall be holy men to Me, therefore you shall not eat any flesh torn to pieces in the field; you shall throw it to the dogs.","? ??????????-??????, ????????? ???; ???????? ?????????? ??????? ??? ????????, ???????? ???????????? ?????. {?}","31 (22:30) ??? ?????? ????? ?????? ???. ??? ????? ?????????? ??? ??????, ?? ???? ?????????? ????.  ",Mishpatim,73,5,Holiness,Forbidden Foods,Food
191,Do not eat meat torn off a living creature,N,DEU 12:23,"""Only be sure not to eat the blood, for the blood is the life, and you shall not eat the life with the flesh.","?? ??? ?????, ?????????? ????? ??????, ???? ??????, ???? ?????????; ?????-?????? ?????????, ???-?????????.","23 ??????? ??????? ??? ?? ?????? ????, ??? ?? ???? ????? ????? ?? ?????????? ? ???? ???? ??? ?????,  ",Re'eh,452,5,Holiness,Forbidden Foods,Food
192,Do not eat blood ,N,LEV 3:17,"'It is a perpetual statute throughout your generations in all your dwellings: you shall not eat any fat or any blood.'""","?? ?????? ?????? ????????????, ?????? ??????????????--????-????? ?????-????, ??? ????????. {?}",17 ??????? ??? ??? ????? ??? ??? ?????? ???? ?? ???? ???????? ????? ??? ????? ??? ??? ???? ??? ??????.  ,Vayikra,148,5,Holiness,Forbidden Foods,Food
193,Do not eat certain fats of clean animals,N,LEV 3:17,"'It is a perpetual statute throughout your generations in all your dwellings: you shall not eat any fat or any blood.'""",  ?????? ?????? ???????????? ?????? ?????????????? ?????????? ?????????? ??? ????????? ? ?,??????? ??? ??? ????? ??? ??? ?????? ???? ?? ???? ???????? ???? ??? ????? ??? ??? ???? ??? ??????,Vayikra,147,5,Holiness,Forbidden Foods,Food
194,Do not eat the sinew of the thigh ,N,GEN 32:32,"Therefore, to this day the sons of Israel do not eat the sinew of the hip which is on the socket of the thigh, because he touched the socket of Jacob's thigh in the sinew of the hip.","??  ???-???? ???-???????? ?????-?????????? ???-????? ?????????, ?????? ???-???? ?????????, ???, ??????? ??????:  ???? ????? ??????-?????? ???????, ??????? ?????????.","(32:33) ?????? ?????? ?? ?? ??????? ?? ???? ?????? ?? ??????, ? ?????????, ? ????? ??? ??? ??????? ??? ?????, ??? ??? ?????? ??????, ??? ????? ??? ??????? ??? ????? ????? ??? ?????? ??? ?????????.  ",Vayishlach,3,5,Holiness,Forbidden Foods,Food
195,Do not eat meat and milk cooked together ,N,EXO 23:19,"""You shall bring the choice first fruits of your soil into the house of the LORD your God. ""You are not to boil a young goat in the milk of its mother.","?? ????????, ?????????? ??????????, ???????, ????? ?????? ?????????; ???-????????? ??????, ???????? ??????. {?}",19 ??? ??????? ??? ?????????????? ??? ??? ??? ????????? ??? ??? ????? ?????? ??? ???? ???. ??? ??????? ???? ?? ??????? ?????? ?????.  ,Mishpatim,92,5,Holiness,Forbidden Foods,Food
196,Do not cook meat and milk together ,N,EXO 34:26,"""You shall bring the very first of the first fruits of your soil into the house of the LORD your God. ""You shall not boil a young goat in its mother's milk.""","?? ????????, ?????????? ??????????, ???????, ????? ?????? ?????????; ???-????????? ??????, ???????? ??????. {?}",26 ?? ????????????? ??? ??? ??? ?????? ??? ??? ????? ?????? ??? ???? ???. ?? ?????????? ???? ?? ??????? ?????? ?????.  ,Ki Tisa,113,5,Holiness,Forbidden Foods,Food
197,Do not eat bread from new grain before the Omer ,N,LEV 23:14,"'Until this same day, until you have brought in the offering of your God, you shall eat neither bread nor roasted grain nor new growth. It is to be a perpetual statute throughout your generations in all your dwelling places.","?? ??????? ??????? ????????? ??? ????????, ???-????? ??????? ??????--??? ??????????, ???-???????? ??????????: ?????? ?????? ????????????, ?????? ?????????????. {?}","14 ??? ????? ??? ?????????? ????? ??? ?? ??????? ??? ??? ????? ??? ?????? ??????, ??? ?? ???????????? ????? ?? ???? ?? ??? ????? ??????? ??????? ??? ??? ?????? ???? ?? ???? ???????? ????.  ",Emor,303,5,Holiness,Forbidden Foods,Food
198,Do not eat parched grains from new grain before the Omer ,N,LEV 23:14,"'Until this same day, until you have brought in the offering of your God, you shall eat neither bread nor roasted grain nor new growth. It is to be a perpetual statute throughout your generations in all your dwelling places.",  ??????? ??????? ????????? ??? ???????? ????????? ??????? ?????? ??? ?????????? ???????????? ?????????? ?????? ?????? ???????????? ?????? ?????????????? ? ?,??? ????? ??? ?????????? ????? ??? ?? ??????? ??? ??? ????? ??? ?????? ?????? ??? ?? ???????????? ????? ?? ???? ?? ??? ???? ??????? ??????? ??? ??? ?????? ???? ?? ???? ???????? ????,Emor,304,5,Holiness,Forbidden Foods,Food
199,Do not eat ripened grains from new grain before the Omer ,N,LEV 23:14,"'Until this same day, until you have brought in the offering of your God, you shall eat neither bread nor roasted grain nor new growth. It is to be a perpetual statute throughout your generations in all your dwelling places.",  ??????? ??????? ????????? ??? ???????? ????????? ??????? ?????? ??? ?????????? ???????????? ?????????? ?????? ?????? ???????????? ?????? ?????????????? ? ?,??? ????? ??? ?????????? ????? ??? ?? ??????? ??? ??? ????? ??? ?????? ?????? ??? ?? ???????????? ????? ?? ???? ?? ??? ???? ??????? ??????? ??? ??? ?????? ???? ?? ???? ???????? ????,Emor,305,5,Holiness,Forbidden Foods,Food
200,Do not eat fruit of a tree during its first three years ,N,LEV 19:23,"When you enter the land and plant all kinds of trees for food, then you shall count their fruit as forbidden. Three years it shall be forbidden to you; it shall not be eaten.","?? ?????-??????? ???-???????, ???????????? ????-??? ???????--???????????? ?????????, ???-????????; ??????? ???????, ??????? ????? ????????--??? ???????.","23 ???? ?? ????????? ??? ??? ???, ?? ?????? ? ???? ???? ??????? ????, ??? ????????????? ??? ????? ???????? ??? ?????????????? ??? ?????????? ?????? ? ?????? ????? ???? ??? ????? ???? ?????????????, ?? ???????????  ",Kedoshim,246,5,Holiness,Forbidden Foods,Food
201,Do not eat diverse seeds planted in a vineyard ,N,DEU 22:9,"""You shall not sow your vineyard with two kinds of seed, or all the produce of the seed which you have sown and the increase of the vineyard will become defiled.","? ???-??????? ?????????, ??????????: ????-??????????, ????????? ???????? ?????? ????????, ??????????, ????????. {?}","9 ?? ??????????? ??? ???????? ??? ????????, ??? ?? ??????? ?? ?????? ??? ?? ??????, ? ??? ??????? ???? ??? ????????? ??? ????????? ???. --  ",Ki Tetze,549,5,Holiness,Forbidden Foods,Food
202,Do not eat untithed fruits ,N,LEV 22:14,"But if a man eats a holy gift unintentionally, then he shall add to it a fifth of it and shall give the holy gift to the priest.","?? ???????, ????-?????? ?????? ???????????--??????? ??????????? ??????, ??????? ???????? ???-?????????.","14 ??? ????????, ?? ?? ???? ???? ???? ???????, ??? ????????? ?? ?????????? ????? ??? ???? ??? ????? ?? ????? ?? ?????.  ",Emor,284,5,Holiness,Forbidden Foods,Food
203,Do not drink wine poured in service to idols ,N,DEU 32:38,"Who ate the fat of their sacrifices, And drank the wine of their drink offering? Let them rise up and help you, Let them be your hiding place!","?? ?????? ????? ?????????? ????????, {?} ????????? ???? ????????; {?} ????????, ?????????????-- {?} ????? ????????, ???????. {?}",38 ?? ?? ????? ??? ?????? ????? ??????? ??? ??????? ??? ????? ??? ??????? ?????; ??????????? ??? ???????????? ???? ??? ??????????? ???? ?????????.  ,Vayelech,111,5,Holiness,Forbidden Foods,Idolatry
204,Ritually slaughter an animal before eating it ,P,DEU 12:21,"""If the place which the LORD your God chooses to put His name is too far from you, then you may slaughter of your herd and flock which the LORD has given you, as I have commanded you; and you may eat within your gates whatever you desire.","?? ????-??????? ??????? ?????????, ?????? ??????? ?????? ????????? ??????? ?????? ????, ??????????? ??????????? ???????????? ?????? ????? ?????? ????, ????????? ??????????--???????????, ?????????????, ??????, ?????? ?????????.","21 ??? ?? ?????????? ????? ??? ? ?????, ?? ?? ????????? ?????? ? ???? ??? ??????????? ?? ????? ????? ????, ??? ?????? ??? ??? ???? ??? ??? ??? ??? ???????? ???, ?? ?? ?? ? ???? ???, ?? ?????? ??????????? ???, ??? ???? ?? ???? ??????? ??? ???? ??? ????????? ??? ????? ????  ",Re'eh,451,5,Holiness,Slaughter,Food
205,Do not slaughter an animal and its offspring on the same day ,N,LEV 22:28,"""But, whether it is an ox or a sheep, you shall not kill both it and its young in one day.","?? ???????, ???-????--????? ?????-??????, ??? ?????????? ??????? ?????.","28 ??? ?????? ? ????????, ????? ??? ?? ?????? ????? ?? ??????? ?? ????? ???.  ",Emor,294,5,Holiness,Slaughter,Food
206,Cover the blood of a slaughtered beast or fowl with earth ,P,LEV 17:13,"""So when any man from the sons of Israel, or from the aliens who sojourn among them, in hunting catches a beast or a bird which may be eaten, he shall pour out its blood and cover it with earth.","?? ??????? ????? ???????? ??????????, ?????-?????? ?????? ?????????, ?????? ?????? ???? ?????? ???-????, ?????? ???????--?????????, ???-??????, ??????????, ????????.","13 ??? ???????? ???????? ??? ???? ?????? ??? ??? ?????????? ??? ???????????? ?? ????, ?? ?? ??????? ??????? ?????? ? ????????, ? ???????, ??? ?????? ?? ???? ??? ??????? ???? ?? ???  ",Acharei Mot,187,5,Holiness,Slaughter,Food
207,Do not take a mother bird with its children ,N,DEU 22:6,"""If you happen to come upon a bird's nest along the way, in any tree or on the ground, with young ones or eggs, and the mother sitting on the young or on the eggs, you shall not take the mother with the young;","? ???? ???????? ???-??????? ????????? ?????????? ??????-??? ??? ???-???????, ?????????? ??? ???????, ??????? ??????? ???-????????????, ??? ???-??????????--???-?????? ?????, ???-?????????.","6 ??? ?? ?????????? ?????? ?????? ??? ???????? ??? ?? ?? ??? ? ??? ????? ??????? ? ??? ??? ???, ???????? ? ????, ??? ? ????? ????? ??? ??? ??????? ? ??? ??? ???, ?? ????? ??? ?????? ???? ??? ???????  ",Ki Tetze,544,5,Holiness,Slaughter,Food
208,Release a mother bird before taking her children from the nest,P,DEU 22:7,"you shall certainly let the mother go, but the young you may take for yourself, in order that it may be well with you and that you may prolong your days.","? ???????? ?????????? ???-?????, ?????-????????? ???????-????, ??????? ?????? ????, ????????????? ??????. {?}","7 ???????? ?????????? ??? ??????, ?? ?? ?????? ????? ??????, ??? ?? ??? ??????? ??? ?????????? ???.  ",Ki Tetze,545,5,Holiness,Slaughter,Food
209,Do not swear falsely in G-d's Name ,N,LEV 19:12,"'You shall not swear falsely by My name, so as to profane the name of your God; I am the LORD.","?? ?????-??????????? ????????, ?????????: ???????????? ???-???? ?????????, ????? ??????.",12 ??? ??? ??????? ?? ??????? ??? ??? ????? ??? ?? ?????????? ?? ????? ??? ???? ????? ??? ???? ?????? ? ???? ????.  ,Kedoshim,227,6,Promises,Oaths,Oaths
210,Do not take G-d's Name in vain ,N,EXO 20:7,"""You shall not take the name of the LORD your God in vain, for the LORD will not leave him unpunished who takes His name in vain.","? ??? ??????? ???-????-?????? ?????????, ?????????: ???? ??? ???????? ??????, ??? ??????-??????? ???-?????? ?????????. {?}",7 ?? ????? ?? ????? ?????? ??? ???? ??? ??? ??????? ?? ??? ?? ???????? ?????? ??? ?????????? ?? ????? ????? ??? ??????. --  ,Yitro,30,6,Promises,Oaths,Oaths
211,Do not deny possession of something entrusted to you ,N,LEV 19:11,"'You shall not steal, nor deal falsely, nor lie to one another.",  ??? ?????????? ???????????????? ????????????????? ????? ???????????? ?,?? ??????? ?? ???????? ?? ???????????? ??????? ??? ???????,Kedoshim,225,6,Promises,Oaths,Oaths
212,Do not falsely swear in denial of a claim to property,N,LEV 19:11,"'You shall not steal, nor deal falsely, nor lie to one another.",  ??? ?????????? ???????????????? ????????????????? ????? ???????????? ?,?? ??????? ?? ???????? ?? ???????????? ??????? ??? ???????,Kedoshim,226,6,Promises,Oaths,Oaths
213,Swear in G-d's Name to confirm the truth when deemed necessary by court ,P,DEU 10:20,"""You shall fear the LORD your God; you shall serve Him and cling to Him, and you shall swear by His name.",  ?????????? ????????? ??????? ????? ??????? ????? ???????? ?????????? ???????????? ?,?????? ??? ???? ??? ???????? ??? ???? ?????????? ??? ???? ????? ????????? ??? ?? ??????? ????? ???,Ekev,435,1,Knowledge,The Foundations of Torah,G-d
214,Fulfill what you uttered and do what you vowed,P,DEU 23:23,"""You shall be careful to perform what goes out from your lips, just as you have voluntarily vowed to the LORD your God, what you have promised.","?? ?????? ??????????, ????????? ??????????: ????????? ????????? ??????? ?????????, ???????, ?????? ???????????, ????????. {?}","(23:24) ?? ???????????? ??? ??? ??????? ??? ?????? ??? ???????? ?? ?????? ???? ????? ?? ??? ??? ????, ? ???????? ?? ??????? ???.  ",Ki Tetze,,6,Promises,Vows,Oaths
215,Do not break oaths or vows,N,NUM 30:2,"""If a man makes a vow to the LORD, or takes an oath to bind himself with a binding obligation, he shall not violate his word; he shall do according to all that proceeds out of his mouth.","? ????? ????-?????? ????? ???????, ???-????????? ???????? ??????? ?????? ???-????????--??? ?????, ????????: ??????-???????? ???????, ????????.","(30:3) ???????? ????????, ?? ?? ??????? ????? ????? ? ????? ????? ? ???????? ?????? ???? ??? ????? ?????, ?? ????????? ?? ???? ?????? ?????, ??? ??? ?????? ?? ??? ???????? ?????, ???????.  ",Mattot,407,6,Promises,Vows,Oaths
216,"For oaths and vows annulled, there are the laws of annulling vows explicit in the Law ",P,NUM 30:3,"""Also if a woman makes a vow to the LORD, and binds herself by an obligation in her father's house in her youth,","? ?????????, ????-?????? ????? ???????, ????????? ?????? ??????? ???????, ????????????.",(30:4) ??? ?? ???? ??????? ????? ????? ? ???????? ??????? ?? ?? ???? ??? ?????? ????? ?? ?? ??????? ?????  ,Mattot,406,6,Promises,Vows,Oaths
217,The nazarite must let his hair grow ,P,NUM 6:5,'All the days of his vow of separation no razor shall pass over his head. He shall be holy until the days are fulfilled for which he separated himself to the LORD; he shall let the locks of hair on his head grow long.,"? ????-????? ????? ???????, ?????? ???-??????? ???-???????: ???-?????? ???????? ??????-??????? ???????, ?????? ???????--??????? ??????, ?????? ???????.","5 ????? ??? ?????? ??? ????? ??? ???????? ????? ??? ??????????? ??? ??? ??????? ?????? ??? ?? ?????????? ?? ??????, ???? ?????? ?????, ????? ????? ?????? ????? ????? ???????.  ",Naso,374,6,Promises,Nazarite,Nazirites
218,The nazarite must not cut his hair ,N,NUM 6:5,'All the days of his vow of separation no razor shall pass over his head. He shall be holy until the days are fulfilled for which he separated himself to the LORD; he shall let the locks of hair on his head grow long.,  ?????????? ????? ??????? ?????? ??????????? ??????????? ?????????? ???????? ?????????????? ??????? ?????? ??????? ??????? ?????? ?????? ???????? ?,????? ??? ?????? ??? ????? ??? ???????? ????? ??? ??????????? ??? ??? ??????? ????? ??? ?? ?????????? ?? ?????? ???? ?????? ????? ????? ????? ?????? ????? ????? ???????,Naso,373,6,Promises,Nazarite,Nazirites
219,"The nazarite must not drink wine, wine mixtures, or wine vinegar ",N,NUM 6:3,"he shall abstain from wine and strong drink; he shall drink no vinegar, whether made from wine or strong drink, nor shall he drink any grape juice nor eat fresh or dried grapes.","? ???????? ???????? ???????, ????? ????? ??????? ?????? ??? ?????????; ?????-???????? ???????? ??? ?????????, ?????????? ?????? ?????????? ??? ??????.","3 ??? ????? ??? ??????, ???????????? ??? ????? ??? ???? ?? ????? ??? ???? ?? ?????? ?? ?????? ??? ??? ???????????? ?? ???????? ?? ?????? ??? ???????? ????????? ??? ??????? ?? ??????? .  ",Naso,368,6,Promises,Nazarite,Nazirites
220,The nazarite must not eat fresh grapes ,N,NUM 6:3,"he shall abstain from wine and strong drink; he shall drink no vinegar, whether made from wine or strong drink, nor shall he drink any grape juice nor eat fresh or dried grapes.",  ???????? ???????? ??????? ????? ????? ??????? ?????? ??? ????????? ?????????????? ???????? ??? ????????? ?????????? ?????? ?????????? ??? ??????? ?,??? ????? ??? ?????? ???????????? ??? ????? ??? ???? ?? ????? ??? ???? ?? ?????? ?? ?????? ??? ??? ???????????? ?? ???????? ?? ?????? ??? ???????? ????????? ??? ??????? ?? ???????,Naso,369,6,Promises,Nazarite,Nazirites
221,The nazarite must not eat raisins ,N,NUM 6:3,"he shall abstain from wine and strong drink; he shall drink no vinegar, whether made from wine or strong drink, nor shall he drink any grape juice nor eat fresh or dried grapes.",  ???????? ???????? ??????? ????? ????? ??????? ?????? ??? ????????? ?????????????? ???????? ??? ????????? ?????????? ?????? ?????????? ??? ??????? ?,??? ????? ??? ?????? ???????????? ??? ????? ??? ???? ?? ????? ??? ???? ?? ?????? ?? ?????? ??? ??? ???????????? ?? ???????? ?? ?????? ??? ???????? ????????? ??? ??????? ?? ???????,Naso,370,6,Promises,Nazarite,Nazirites
222,The nazarite must not eat grape seeds ,N,NUM 6:4,"All the days of his separation he shall not eat anything that is produced by the grape vine, from the seeds even to the skin.","? ????, ????? ???????: ?????? ?????? ???????? ???????? ????????, ????????????? ?????-???--??? ??????.","4 ????? ??? ?????? ??? ????? ????? ??? ??????, ??? ??????? ?? ???????, ????? ??? ????????? ??? ???????? ?? ???????.  ",Naso,371,6,Promises,Nazarite,Nazirites
223,The nazarite must not eat grape skins ,N,NUM 6:4,"All the days of his separation he shall not eat anything that is produced by the grape vine, from the seeds even to the skin.",  ???? ????? ??????? ?????? ?????? ???????? ???????? ???????? ????????????? ????????? ??? ??????? ?,????? ??? ?????? ??? ????? ????? ??? ?????? ??? ??????? ?? ??????? ????? ??? ????????? ??? ???????? ?? ???????,Naso,372,6,Promises,Nazarite,Nazirites
224,The nazarite must not be under the same roof as a corpse ,N,NUM 6:6,All the days of his separation to the LORD he shall not go near to a dead person.,"? ????-????? ?????????, ???????, ???-?????? ???, ??? ?????.",6 ????? ??? ?????? ??? ????? ????? ??? ???? ???? ????????????? ??? ?????????????  ,Naso,375,6,Promises,Nazarite,Nazirites
225,The nazarite must not come into contact with the dead ,N,NUM 6:7,"'He shall not make himself unclean for his father or for his mother, for his brother or for his sister, when they die, because his separation to God is on his head.","? ???????? ??????????, ???????? ???????????--???-????????? ?????, ????????: ???? ????? ????????, ???-???????.","7 ??? ????? ??? ??? ????? ??? ??? ?????? ??? ??? ??????, ?? ??????????? ??? ?????? ??????????? ?????, ??? ???? ???? ????? ??? ???? ??? ??????? ??????  ",Naso,376,6,Promises,Nazarite,Nazirites
226,The nazarite must shave his head after bringing sacrifices upon completion of his nazarite period,P,NUM 6:18,"The Nazirite shall then shave his consecrated head of hair at the entrance of the tent of meeting, and take the consecrated hair of his head and put it on the fire which is under the sacrifice of peace offerings.",???????? ????????? ?????? ????? ?????? ????????? ??????? ??????? ?????????? ????? ??????? ??????? ?????????? ????????????? ????? ????????????? ?,18 ??? ????????? ? ???????? ???? ??? ????? ??? ?????? ??? ????????? ??? ??????? ??? ????? ????? ??? ???????? ??? ?????? ??? ?? ??? ? ????? ??? ??? ?????? ??? ????????,Naso,377,6,Promises,Nazarite,Nazirites
227,Estimate the value of people as determined by the Law,P,LEV 27:2,"""Speak to the sons of Israel and say to them, 'When a man makes a difficult vow, he shall be valued according to your valuation of persons belonging to the LORD.","? ??????? ???-?????? ??????????, ??????????? ???????, ?????, ???? ??????? ?????--???????????? ????????, ???????.","2 ??????? ???? ????? ?????? ??? ????? ?????? ?? ?? ??????? ????? ???? ????? ??? ????? ????? ?? ?????,  ",B'chukotai,350,6,Promises,Appraisals and Devoted Property,Sacrifices and Offerings
228,Estimate the value of consecrated animals,P,LEV 27:12,"'The priest shall value it as either good or bad; as you, the priest, value it, so it shall be.","?? ??????????? ???????? ??????, ????? ???? ?????? ???: ???????????? ????????, ???? ???????.","12 ??? ????????? ???? ? ?????? ??? ????? ????? ??? ??? ????? ???????, ??? ?????? ?? ????????? ? ??????, ????? ????????.  ",B'chukotai,353,6,Promises,Appraisals and Devoted Property,Sacrifices and Offerings
229,Estimate the value of consecrated houses ,P,LEV 27:14,"'Now if a man consecrates his house as holy to the LORD, then the priest shall value it as either good or bad; as the priest values it, so it shall stand.","?? ???????, ????-????????? ???-??????? ?????? ???????--???????????? ????????, ????? ???? ?????? ???: ????????? ????????? ????? ????????, ???? ??????.","14 ??? ????????, ?? ?? ?????? ??? ?????? ????? ????? ?? ?????, ??? ????????? ????? ? ?????? ??? ????? ????? ??? ??? ????? ???????? ?? ?? ????????? ????? ? ??????, ????? ??????????.  ",B'chukotai,354,6,Promises,Appraisals and Devoted Property,Sacrifices and Offerings
230,Estimate the value of consecrated fields ,P,LEV 27:16,"'Again, if a man consecrates to the LORD part of the fields of his own property, then your valuation shall be proportionate to the seed needed for it: a homer of barley seed at fifty shekels of silver.","?? ????? ????????? ??????????, ?????????? ????? ???????--??????? ?????????, ????? ???????: ????? ????? ?????????, ????????????? ?????? ??????.","16 ??? ?? ??? ??? ????? ??? ??????????? ????? ?????? ???????? ?? ?????, ??? ????? ? ???? ???? ??? ?????? ?????, ????? ?????? ?????????? ???????? ????????.  ",B'chukotai,355,6,Promises,Appraisals and Devoted Property,Sacrifices and Offerings
231,Carry out the laws of interdicting possessions,P,LEV 27:28,"'Nevertheless, anything which a man sets apart to the LORD out of all that he has, of man or animal or of the fields of his own property, shall not be sold or redeemed. Anything devoted to destruction is most holy to the LORD.","?? ????-????-????? ?????? ??????? ????? ??????? ??????-??????-???, ??????? ????????? ??????????? ??????????--??? ????????, ????? ????????: ????-?????, ??????-????????? ???? ???????.","28 ??? ?? ???????, ? ??? ????? ???????? ?? ????? ??? ??????, ??? ???? ?????, ??? ???????? ??? ??????? ??? ??? ????? ??????????? ?????, ??? ?????????? ???? ??????????? ??? ??????? ????? ????? ????? ?? ?????.  ",B'chukotai,357,6,Promises,Appraisals and Devoted Property,Sacrifices and Offerings
232,Do not sell interdicted possessions ,N,LEV 27:28,"'Nevertheless, anything which a man sets apart to the LORD out of all that he has, of man or animal or of the fields of his own property, shall not be sold or redeemed. Anything devoted to destruction is most holy to the LORD.",  ??????????????? ?????? ??????? ????? ??????? ????????????????? ??????? ????????? ??????????? ?????????? ??? ???????? ????? ???????? ?????????? ???????????????? ???? ???????? ?,??? ?? ??????? ? ??? ????? ???????? ?? ????? ??? ?????? ??? ???? ????? ??? ???????? ??? ??????? ??? ??? ????? ??????????? ????? ??? ?????????? ???? ?????????? ??? ??????? ????? ????? ????? ?? ?????,B'chukotai,358,6,Promises,Appraisals and Devoted Property,Sacrifices and Offerings
233,Do not redeem interdicted possessions,N,LEV 27:28,"'Nevertheless, anything which a man sets apart to the LORD out of all that he has, of man or animal or of the fields of his own property, shall not be sold or redeemed. Anything devoted to destruction is most holy to the LORD.",  ??????????????? ?????? ??????? ????? ??????? ????????????????? ??????? ????????? ??????????? ?????????? ??? ???????? ????? ???????? ?????????? ???????????????? ???? ???????? ?,??? ?? ??????? ? ??? ????? ???????? ?? ????? ??? ?????? ??? ???? ????? ??? ???????? ??? ??????? ??? ??? ????? ??????????? ????? ??? ?????????? ???? ?????????? ??? ??????? ????? ????? ????? ?? ?????,B'chukotai,359,6,Promises,Appraisals and Devoted Property,Sacrifices and Offerings
234,Do not plant diverse seeds together ,N,LEV 19:19,"'You are to keep My statutes. You shall not breed together two kinds of your cattle; you shall not sow your field with two kinds of seed, nor wear a garment upon you of two kinds of material mixed together.","?? ???-????????, ???????????--???????????? ???-?????????? ??????????, ??????? ???-??????? ??????????; ??????? ?????????? ??????????, ??? ??????? ???????.",19 ??? ????? ??? ?????????? ?? ????? ??? ?? ??????????? ????????? ??? ??? ???????? ??? ?? ??????????? ???????? ??? ??????? ?? ??? ????????? ???????? ??? ????????? ??????.  ,Kedoshim,245,7,Seeds,Diverse Varieties,Forbidden Mixtures
235,Do not plant grains or greens in a vineyard ,N,DEU 22:9,"""You shall not sow your vineyard with two kinds of seed, or all the produce of the seed which you have sown and the increase of the vineyard will become defiled.",  ??????????? ????????? ?????????? ??????????????? ????????? ???????? ?????? ???????? ?????????? ????????? ? ?,?? ??????????? ??? ???????? ??? ???????? ??? ?? ??????? ?? ?????? ??? ?? ?????? ? ??? ??????? ???? ??? ????????? ??? ????????? ???,Ki Tetze,548,5,Holiness,Forbidden Foods,Food
236,Do not crossbreed animals ,N,LEV 19:19,"'You are to keep My statutes. You shall not breed together two kinds of your cattle; you shall not sow your field with two kinds of seed, nor wear a garment upon you of two kinds of material mixed together.",  ???????????? ??????????? ???????????? ?????????????? ?????????? ??????? ??????????? ?????????? ??????? ?????????? ?????????? ??? ??????? ???????? ? ?,??? ????? ??? ????????? ?? ????? ??? ?? ??????????? ????????? ??? ??? ???????? ??? ?? ??????????? ???????? ??? ??????? ?? ??? ????????? ???????? ??? ????????? ??????,Kedoshim,244,7,Seeds,Diverse Varieties,Forbidden Mixtures
237,Do not work different animals together ,N,DEU 22:10,"""You shall not plow with an ox and a donkey together.","? ???-???????? ????????-?????????, ????????.",10 ??? ??????????? ?? ????? ??? ??? ??? ?? ????. --  ,Ki Tetze,550,7,Seeds,Diverse Varieties,Forbidden Mixtures
238,Do not wear cloth woven of wool and linen,N,DEU 22:11,"""You shall not wear a material mixed of wool and linen together.","?? ??? ????????? ??????????, ????? ???????????? ????????. {?}","11 ??? ?????? ????????, ???? ??? ?????, ?? ?? ????.  ",Ki Tetze,551,7,Seeds,Diverse Varieties,Forbidden Mixtures
239,Leave a corner of the field uncut for the poor ,P,LEV 19:10,"'Nor shall you glean your vineyard, nor shall you gather the fallen fruit of your vineyard; you shall leave them for the needy and for the stranger. I am the LORD your God.","? ?????????? ??? ????????, ??????? ????????? ??? ????????: ??????? ???????? ???????? ?????, ????? ?????? ??????????.",10 ??? ??? ???????? ??? ??? ?????????????? ???? ???? ????? ??? ????????? ??? ?????????? ?? ????? ??? ?? ????????? ??????????? ????? ??? ???? ?????? ? ???? ????.  ,Kedoshim,216,7,Seeds,Gifts to the Poor,Providing for the Poor
240,Do not reap the corner of a field left for the poor ,N,LEV 19:9,"'Now when you reap the harvest of your land, you shall not reap to the very corners of your field, nor shall you gather the gleanings of your harvest.","? ????????????? ???-?????? ?????????, ??? ???????? ?????? ??????? ???????; ??????? ?????????, ??? ????????.",9 ??? ???????????? ???? ??? ???????? ??? ??? ???? ?? ??????????? ??? ???????? ???? ??? ????? ????????? ??? ?? ??????????? ??? ???????? ??? ?? ?????????  ,Kedoshim,217,7,Seeds,Gifts to the Poor,Providing for the Poor
241,Leave gleanings of a field for the poor,P,LEV 19:9,"'Now when you reap the harvest of your land, you shall not reap to the very corners of your field, nor shall you gather the gleanings of your harvest.",  ????????????? ?????????? ????????? ??? ???????? ?????? ??????? ??????? ??????? ????????? ??? ????????? ?,??? ???????????? ???? ??? ???????? ??? ??? ???? ?? ??????????? ??? ???????? ???? ??? ????? ????????? ??? ?? ??????????? ??? ???????? ??? ?? ?????????,Kedoshim,218,7,Seeds,Gifts to the Poor,Providing for the Poor
242,Do not gather gleanings of a crop but leave them for the poor,N,LEV 19:9,"'Now when you reap the harvest of your land, you shall not reap to the very corners of your field, nor shall you gather the gleanings of your harvest.",  ????????????? ?????????? ????????? ??? ???????? ?????? ??????? ??????? ??????? ????????? ??? ????????? ?,??? ???????????? ???? ??? ???????? ??? ??? ???? ?? ??????????? ??? ???????? ???? ??? ????? ????????? ??? ?? ??????????? ??? ???????? ??? ?? ?????????,Kedoshim,219,7,Seeds,Gifts to the Poor,Providing for the Poor
243,Leave the gleanings of a vineyard for the poor,P,LEV 19:10,"'Nor shall you glean your vineyard, nor shall you gather the fallen fruit of your vineyard; you shall leave them for the needy and for the stranger. I am the LORD your God.",  ?????????? ??? ???????? ??????? ????????? ??? ???????? ??????? ???????? ???????? ????? ????? ?????? ??????????? ?,??? ??? ???????? ??? ??? ?????????????? ???? ???? ????? ??? ????????? ??? ????????? ?? ????? ??? ?? ????????? ??????????? ???? ??? ???? ?????? ? ???? ????,Kedoshim,220,7,Seeds,Gifts to the Poor,Providing for the Poor
244,Do not gather the gleanings of a vineyard but leave them for the poor,N,LEV 19:10,"'Nor shall you glean your vineyard, nor shall you gather the fallen fruit of your vineyard; you shall leave them for the needy and for the stranger. I am the LORD your God.",  ?????????? ??? ???????? ??????? ????????? ??? ???????? ??????? ???????? ???????? ????? ????? ?????? ??????????? ?,??? ??? ???????? ??? ??? ?????????????? ???? ???? ????? ??? ????????? ??? ????????? ?? ????? ??? ?? ????????? ??????????? ???? ??? ???? ?????? ? ???? ????,Kedoshim,223,7,Seeds,Gifts to the Poor,Providing for the Poor
245,Leave the unformed clusters of grapes for the poor,P,LEV 19:10,"'Nor shall you glean your vineyard, nor shall you gather the fallen fruit of your vineyard; you shall leave them for the needy and for the stranger. I am the LORD your God.",  ?????????? ??? ???????? ??????? ????????? ??? ???????? ??????? ???????? ???????? ????? ????? ?????? ??????????? ?,??? ??? ???????? ??? ??? ?????????????? ???? ???? ????? ??? ????????? ??? ????????? ?? ????? ??? ?? ????????? ??????????? ???? ??? ???? ?????? ? ???? ????,Kedoshim,222,7,Seeds,Gifts to the Poor,Providing for the Poor
246,Do not pick the unformed clusters of grapes but leave them for the poor,N,LEV 19:10,"'Nor shall you glean your vineyard, nor shall you gather the fallen fruit of your vineyard; you shall leave them for the needy and for the stranger. I am the LORD your God.",  ?????????? ??? ???????? ??????? ????????? ??? ???????? ??????? ???????? ???????? ????? ????? ?????? ??????????? ?,??? ??? ???????? ??? ??? ?????????????? ???? ???? ????? ??? ????????? ??? ????????? ?? ????? ??? ?? ????????? ??????????? ???? ??? ???? ?????? ? ???? ????,Kedoshim,221,7,Seeds,Gifts to the Poor,Providing for the Poor
247,Leave the forgotten sheaves in the field for the poor,P,DEU 24:19,"""When you reap your harvest in your field and have forgotten a sheaf in the field, you shall not go back to get it; it shall be for the alien, for the orphan, and for the widow, in order that the LORD your God may bless you in all the work of your hands.","?? ???? ??????? ????????? ????????? ???????????? ????? ??????????, ??? ??????? ??????????--?????? ????????? ?????????????, ???????: ??????? ?????????? ?????? ?????????, ?????? ???????? ???????. {?}","19 ??? ?? ?????? ?????? ?? ?? ???? ??? ??? ??????? ?????? ?? ?? ???? ???, ??? ????????????? ?????? ????? ?? ????? ??? ?? ????????? ??? ?? ?????? ??? ?? ???? ?????, ??? ???????? ?? ?????? ? ???? ??? ?? ???? ???? ?????? ??? ?????? ???.  ",Ki Tetze,,7,Seeds,Gifts to the Poor,Providing for the Poor
248,Do not retrieve sheaves forgotten in the field but leave them for the poor,N,DEU 24:19,"""When you reap your harvest in your field and have forgotten a sheaf in the field, you shall not go back to get it; it shall be for the alien, for the orphan, and for the widow, in order that the LORD your God may bless you in all the work of your hands.",  ???? ??????? ????????? ????????? ???????????? ????? ?????????? ??? ??????? ?????????? ?????? ????????? ????????????? ??????? ??????? ?????????? ?????? ????????? ?????? ???????? ???????? ?,??? ?? ?????? ?????? ?? ?? ???? ??? ??? ??????? ?????? ?? ?? ???? ??? ??? ????????????? ?????? ???? ?? ????? ??? ?? ????????? ??? ?? ?????? ??? ?? ???? ????? ??? ???????? ?? ?????? ? ???? ??? ?? ???? ???? ?????? ??? ?????? ???,Ki Tetze,,7,Seeds,Gifts to the Poor,Providing for the Poor
249,Separate the tithe for the poor,P,DEU 14:28,"""At the end of every third year you shall bring out all the tithe of your produce in that year, and shall deposit it in your town.","?? ??????? ??????? ???????, ???????? ???-????-???????? ????????????, ??????????, ??????; ????????????, ?????????????.","28 ???? ???? ??? ???????? ??? ?? ?????????? ??? ????????? ???? ?? ?? ??????? ?????? ?????? ???? ?? ???? ??????? ???,  ",Re'eh,474,7,Seeds,Gifts to the Poor,Providing for the Poor
250,Give charity to those in need,P,DEU 15:8,"but you shall freely open your hand to him, and shall generously lend him sufficient for his need in whatever he lacks.","? ????-?????? ????????? ???-??????, ???; ?????????, ??????????????, ???? ?????????, ?????? ??????? ???.","8 ??????? ???????? ??? ?????? ??? ????, ??????? ??????? ???? ???? ?????????, ???? ???? ?????????.  ",Re'eh,479,7,Seeds,Gifts to the Poor,Providing for the Poor
251,Do not withhold charity from the poor,N,DEU 15:7,"""If there is a poor man with you, one of your brothers, in any of your towns in your land which the LORD your God is giving you, you shall not harden your heart, nor close your hand from your poor brother;","? ????-??????? ???? ???????? ??????? ???????, ???????? ??????????, ???????????, ??????-?????? ????????? ????? ????--??? ???????? ???-????????, ????? ???????? ???-??????, ?????????, ??????????.","7 ??? ?? ??????? ?? ??? ?????? ??? ??????? ??? ?? ??? ??? ?????? ??? ?? ?? ??, ? ?????? ? ???? ??? ??????? ???, ??? ??????????? ??? ??????? ??? ???? ?? ?? ????????? ??? ????? ??? ??? ??? ??????? ??? ??? ????????????  ",Re'eh,478,7,Seeds,Gifts to the Poor,Providing for the Poor
252,Set aside a gift of food for the priest,P,DEU 18:4,"""You shall give him the first fruits of your grain, your new wine, and your oil, and the first shearing of your sheep.","? ???????? ????????? ??????????? ????????????, ?????????? ???? ???????--???????-???.",4 ??? ??? ??????? ??? ????? ??? ??? ??? ????? ??? ??? ??? ?????? ??? ??? ??? ??????? ??? ?????? ??? ???????? ??? ?????? ?????  ,Shoftim,507,7,Seeds,Heave Offerings,Terumah and Tithes
253,The Levite must set aside a tenth of his tithe for the priest,P,NUM 18:26,"""Moreover, you shall speak to the Levites and say to them, 'When you take from the sons of Israel the tithe which I have given you from them for your inheritance, then you shall present an offering from it to the LORD, a tithe of the tithe.","?? ?????-?????????? ?????????, ??????????? ???????, ????-??????? ????? ??????-?????????? ???-??????????? ?????? ???????? ????? ????????, ??????????????--??????????? ????????? ????????? ??????, ???????? ???-???????????.","26 ??? ???? ???????? ???????? ??? ????? ???? ?????? ??? ?????? ???? ??? ???? ?????? ?? ??????????, ? ?????? ???? ???? ????? ?? ?????, ??? ???????? ????? ??? ????? ???????? ????? ?????????? ??? ??? ??????????.  ",Korach,396,7,Seeds,Heave Offerings,Terumah and Tithes
254,"Do not preface one tithe to the next, but separate them in their proper order ",N,EXO 22:29,"""You shall not delay the offering from your harvest and your vintage. The firstborn of your sons you shall give to Me.","?? ?????????? ??????????, ??? ???????; ??????? ????????, ???????-???.",29 (22:28) ??????? ?????? ??? ????? ??? ?? ?????????????? ?? ????????? ??? ???? ??? ?????? ????.  ,Mishpatim,72,7,Seeds,Heave Offerings,Terumah and Tithes
255,A non- priest must not eat food set aside as a gift for the priest,N,LEV 22:10,"No layman, however, is to eat the holy gift; a sojourner with the priest or a hired man shall not eat of the holy gift.","? ?????-???, ???-?????? ??????; ???????? ?????? ?????????, ???-?????? ??????.",10 ??? ??? ????????? ?? ??????? ????? ???????? ?????? ? ???????? ?? ??????? ????.  ,Emor,280,7,Seeds,Heave Offerings,Terumah and Tithes
256,A hired worker or an Israelite bondsman of a priest must not eat food set aside as a gift for the priest,N,LEV 22:10,"No layman, however, is to eat the holy gift; a sojourner with the priest or a hired man shall not eat of the holy gift.",  ????????? ?????????? ?????? ???????? ?????? ????????? ?????????? ??????? ?,??? ??? ????????? ?? ??????? ???? ???????? ?????? ? ???????? ?? ??????? ????,Emor,281,7,Seeds,Heave Offerings,Terumah and Tithes
257,An uncircumcised priest must not eat food set aside for a priest,N,EXO 12:48,"""But if a stranger sojourns with you, and celebrates the Passover to the LORD, let all his males be circumcised, and then let him come near to celebrate it; and he shall be like a native of the land. But no uncircumcised person may eat of it.",  ???????????? ??????? ???? ???????? ????? ??????? ??????? ??? ????????? ????? ??????? ?????????? ??????? ?????????? ??????? ??????????? ?????????? ????? ?,??? ?? ??? ???????? ???? ???? ?????????? ??????? ?? ????? ????? ?????????? ????? ??? ????????? ??? ???? ????????????? ??????? ???? ??? ????? ????? ??? ? ???????? ??? ??? ??? ??????????? ??? ?????? ??' ?????,Bo,17,7,Seeds,Heave Offerings,Terumah and Tithes
258,An impure priest must not eat food set aside for a priest ,N,LEV 22:4,"No man of the descendants of Aaron, who is a leper or who has a discharge, may eat of the holy gifts until he is clean. And if one touches anything made unclean by a corpse or if a man has a seminal emission,","? ????? ????? ???????? ???????, ?????? ??????? ??? ???--????????????? ??? ??????, ??? ?????? ???????; ???????????, ??????-?????-??????, ??? ?????, ??????-?????? ????????? ????????-?????.","4 ??? ???????? ?? ??? ????????? ????? ??? ?????? ??? ????? ????? ? ?????????, ??? ????? ??? ??????, ??? ?? ?????????? ??? ? ????????? ????? ?????????? ????? ? ????????, ? ?? ?????? ?? ????? ????? ?????????,  ",Emor,279,7,Seeds,Heave Offerings,Terumah and Tithes
259,A desecrated woman must not eat food set aside for a priest ,N,LEV 22:12,"If a priest's daughter is married to a layman, she shall not eat of the offering of the gifts.","?? ?????-??????--???? ???????, ??????? ???: ????, ??????????? ???????????? ??? ??????.","12 ??? ??????? ???????? ?????? ??? ??????? ????? ?????????, ???? ??? ??????? ??? ????? ?? ???????.  ",Emor,283,7,Seeds,Heave Offerings,Terumah and Tithes
260,Set aside a tithe each planting year and give it to a Levite,P,NUM 18:24,"""For the tithe of the sons of Israel, which they offer as an offering to the LORD, I have given to the Levites for an inheritance; therefore I have said concerning them, 'They shall have no inheritance among the sons of Israel.'""","?? ???? ???-???????? ??????-??????????, ?????? ???????? ??????? ?????????, ???????? ??????????, ?????????; ???-????, ?????????? ?????, ???????? ?????? ??????????, ??? ????????? ???????. {?}","24 ??? ?? ????????? ??? ???? ??????, ??? ?? ?????????? ????? ????????, ?????? ???? ???????? ?? ?????? ??? ????? ?????? ?????? ?? ???? ???? ?????? ?? ??????????????? ??????.  ",Korach,395,7,Seeds,Tithes,Terumah and Tithes
261,Set aside the second tithe,P,DEU 14:22,"""You shall surely tithe all the produce from what you sow, which comes out of the field every year.","?? ??????? ??????????, ??? ????-????????? ????????, ???????? ?????????, ?????? ??????.","22 ??????? ????????????? ?????? ????????? ??? ????????? ???, ?? ?????? ??? ????? ??? ???????? ???? ????????,  ",Re'eh,473,7,Seeds,Second Tithe and Fruit of the Fourth Year,Terumah and Tithes
262,"Do not spend the money from selling the second tithe on anything but food, drink, or ointment in Jerusalem",N,DEU 26:14,"'I have not eaten of it while mourning, nor have I removed any of it while I was unclean, nor offered any of it to the dead. I have listened to the voice of the LORD my God; I have done according to all that You have commanded me.","?? ???-?????????? ??????? ?????????, ?????-?????????? ????????? ????????, ?????-???????? ?????????, ?????; ???????????, ??????? ?????? ???????--?????????, ?????? ?????? ???????????.","14 ??? ??? ?????? ?? ????? ??? ??? ?????, ??? ???????? ??? ????? ??? ?????????, ??? ????? ??? ????? ?? ?????????? ???????? ??? ????? ?????? ??? ???? ???, ??????? ???? ???????? ???.  ",Ki Tavo,,7,Seeds,Second Tithe and Fruit of the Fourth Year,Terumah and Tithes
263,Do not eat the second tithe while impure,N,DEU 26:14,"'I have not eaten of it while mourning, nor have I removed any of it while I was unclean, nor offered any of it to the dead. I have listened to the voice of the LORD my God; I have done according to all that You have commanded me.",  ?????????????? ??????? ????????? ???????????????? ????????? ???????? ?????????????? ????????? ????? ??????????? ??????? ?????? ??????? ????????? ?????? ?????? ???????????? ?,??? ??? ?????? ?? ????? ??? ??' ????? ??? ???????? ??' ????? ??? ????????? ??? ????? ??' ????? ?? ????????? ???????? ??? ????? ?????? ??? ???? ??? ??????? ???? ???????? ???,Ki Tavo,,7,Seeds,Second Tithe and Fruit of the Fourth Year,Terumah and Tithes
264,A mourner on the first day after a death must not eat the second tithe,N,DEU 26:14,"'I have not eaten of it while mourning, nor have I removed any of it while I was unclean, nor offered any of it to the dead. I have listened to the voice of the LORD my God; I have done according to all that You have commanded me.",  ?????????????? ??????? ????????? ???????????????? ????????? ???????? ?????????????? ????????? ????? ??????????? ??????? ?????? ??????? ????????? ?????? ?????? ???????????? ?,??? ??? ?????? ?? ????? ??? ??' ????? ??? ???????? ??' ????? ??? ????????? ??? ????? ??' ????? ?? ????????? ???????? ??? ????? ?????? ??? ???? ??? ??????? ???? ???????? ???,Ki Tavo,,7,Seeds,Second Tithe and Fruit of the Fourth Year,Terumah and Tithes
265,Do not eat second tithe grains outside Jerusalem ,N,DEU 12:17,"""You are not allowed to eat within your gates the tithe of your grain or new wine or oil, or the firstborn of your herd or flock, or any of your votive offerings which you vow, or your freewill offerings, or the contribution of your hand.",  ?????????? ??????? ????????????? ???????? ????????? ???????????? ???????????? ????????? ????????? ????????? ??????????????? ?????? ??????? ????????????? ?????????? ??????? ?,?? ?????? ?????? ?? ???? ??????? ??? ?? ?????????? ??? ????? ??? ??? ??? ????? ??? ??? ??? ?????? ??? ?? ????????? ??? ???? ??? ??? ??? ???????? ??? ??? ????? ????? ???? ?? ??????? ??? ??? ????????? ???? ??? ??? ??????? ??? ?????? ????,Re'eh,442,7,Seeds,Second Tithe and Fruit of the Fourth Year,Terumah and Tithes
266,Do not eat second tithe wine products outside Jerusalem ,N,DEU 12:17,"""You are not allowed to eat within your gates the tithe of your grain or new wine or oil, or the firstborn of your herd or flock, or any of your votive offerings which you vow, or your freewill offerings, or the contribution of your hand.",  ?????????? ??????? ????????????? ???????? ????????? ???????????? ???????????? ????????? ????????? ????????? ??????????????? ?????? ??????? ????????????? ?????????? ??????? ?,?? ?????? ?????? ?? ???? ??????? ??? ?? ?????????? ??? ????? ??? ??? ??? ????? ??? ??? ??? ?????? ??? ?? ????????? ??? ???? ??? ??? ??? ???????? ??? ??? ????? ????? ???? ?? ??????? ??? ??? ????????? ???? ??? ??? ??????? ??? ?????? ????,Re'eh,443,7,Seeds,Second Tithe and Fruit of the Fourth Year,Terumah and Tithes
267,Do not eat second tithe oil outside Jerusalem ,N,DEU 12:17,"""You are not allowed to eat within your gates the tithe of your grain or new wine or oil, or the firstborn of your herd or flock, or any of your votive offerings which you vow, or your freewill offerings, or the contribution of your hand.",  ?????????? ??????? ????????????? ???????? ????????? ???????????? ???????????? ????????? ????????? ????????? ??????????????? ?????? ??????? ????????????? ?????????? ??????? ?,?? ?????? ?????? ?? ???? ??????? ??? ?? ?????????? ??? ????? ??? ??? ??? ????? ??? ??? ??? ?????? ??? ?? ????????? ??? ???? ??? ??? ??? ???????? ??? ??? ????? ????? ???? ?? ??????? ??? ??? ????????? ???? ??? ??? ??????? ??? ?????? ????,Re'eh,444,7,Seeds,Second Tithe and Fruit of the Fourth Year,Terumah and Tithes
268,The fourth year crops must be totally for holy purposes like the second tithe,P,LEV 19:24,"'But in the fourth year all its fruit shall be holy, an offering of praise to the LORD.","?? ???????????, ??????????, ???????, ????-????????--?????? ??????????, ???????.",24 ??? ?? ???? ?? ??????? ????? ??? ? ?????? ????? ????? ??????? ?? ??????  ,Kedoshim,247,7,Seeds,Second Tithe and Fruit of the Fourth Year,Terumah and Tithes
269,Read the confession of tithes every fourth and seventh year ,P,DEU 26:13,"""You shall say before the LORD your God, 'I have removed the sacred portion from my house, and also have given it to the Levite and the alien, the orphan and the widow, according to all Your commandments which You have commanded me; I have not transgressed or forgotten any of Your commandments.","?? ??????????? ??????? ?????? ????????? ??????????? ????????? ???-????????, ????? ????????? ???????? ???????? ????????? ?????????????, ??????-??????????, ?????? ???????????: ???-?????????? ???????????????, ????? ???????????.","13 ??? ????? ???????? ?????? ??? ???? ??? ????????? ?? ???? ?? ??? ?????? ??? ??? ????? ???? ?? ?????? ??? ?? ????????? ??? ?? ?????? ??? ?? ???? ???? ????? ??? ???????, ?? ???????? ???? ?? ???????? ??? ??????? ??? ??? ??? ???????????  ",Ki Tavo,,7,Seeds,Second Tithe and Fruit of the Fourth Year,Terumah and Tithes
270,Set aside the first fruits and bring them to the Temple ,P,EXO 23:19,"""You shall bring the choice first fruits of your soil into the house of the LORD your God.""You are not to boil a young goat in the milk of its mother.",  ???????? ?????????? ?????????? ??????? ????? ?????? ????????? ????????????? ?????? ???????? ??????? ? ?,??? ??????? ??? ?????????????? ??? ??? ??? ????????? ??? ??? ????? ?????? ??? ???? ??? ??? ??????? ???? ?? ??????? ?????? ?????,Mishpatim,91,5,Holiness,Forbidden Foods,Food
271,The priests must not eat the first fruits outside Jerusalem ,N,DEU 12:17,"""You are not allowed to eat within your gates the tithe of your grain or new wine or oil, or the firstborn of your herd or flock, or any of your votive offerings which you vow, or your freewill offerings, or the contribution of your hand.",  ?????????? ??????? ????????????? ???????? ????????? ???????????? ???????????? ????????? ????????? ????????? ??????????????? ?????? ??????? ????????????? ?????????? ??????? ?,?? ?????? ?????? ?? ???? ??????? ??? ?? ?????????? ??? ????? ??? ??? ??? ????? ??? ??? ??? ?????? ??? ?? ????????? ??? ???? ??? ??? ??? ???????? ??? ??? ????? ????? ???? ?? ??????? ??? ??? ????????? ???? ??? ??? ??????? ??? ?????? ????,Re'eh,449,7,Seeds,Second Tithe and Fruit of the Fourth Year,Terumah and Tithes
272,Read the portion of Scripture pertaining to the presentation of first fruits ,P,DEU 26:5,"""You shall answer and say before the LORD your God, 'My father was a wandering Aramean, and he went down to Egypt and sojourned there, few in number; but there he became a great, mighty and populous nation.","? ????????? ??????????? ??????? ?????? ?????????, ???????? ????? ?????, ???????? ???????????, ???????? ???? ???????? ?????; ???????-????, ?????? ??????? ?????? ?????.",5 ??? ?????????? ??? ????? ?????? ?????? ??? ???? ??? ?????? ???????? ? ????? ??? ??? ?????? ??? ???????? ??? ????????? ???? ?? ?????? ?????? ??? ??????? ???? ??? ????? ???? ??? ?????? ???? ??? ?????  ,Ki Tavo,,7,Seeds,First Fruits and Other Priestly Gifts Outside the Temple,Terumah and Tithes
273,Set aside a portion of dough for a priest ,P,NUM 15:20,"'Of the first of your dough you shall lift up a cake as an offering; as the offering of the threshing floor, so you shall lift it up.","? ????????, ???????????--??????, ????????? ????????: ??????????? ??????, ???? ????????? ??????.","20 ??????? ????????? ???? ????? ???????? ????????? ????? ?? ???????? ??? ???, ????? ???????? ?????,  ",Shelach,385,7,Seeds,First Fruits and Other Priestly Gifts Outside the Temple,Terumah and Tithes
274,"Give the shoulder, two cheeks, and stomach of a slaughtered animals to a priest ",P,DEU 18:3,"""Now this shall be the priests' due from the people, from those who offer a sacrifice, either an ox or a sheep, of which they shall give to the priest the shoulder and the two cheeks and the stomach.","? ????? ??????? ????????? ??????????? ????? ?????, ????? ??????? ????????--???-????? ???-????: ???????, ????????, ????????? ??????????????, ??????????.","3 ??? ???? ? ?????? ??? ??????, ?? ???? ??? ????, ???? ??? ??????? ?? ??????, ??? ?? ?????? ??? ?? ????????? ??? ????? ?? ????? ??? ???????? ??? ?? ???????? ??? ?? ????????.  ",Shoftim,506,7,Seeds,First Fruits and Other Priestly Gifts Outside the Temple,Terumah and Tithes
275,Give the first shearing of sheep to a priest ,P,DEU 18:4,"""You shall give him the first fruits of your grain, your new wine, and your oil, and the first shearing of your sheep.",  ???????? ????????? ??????????? ???????????? ?????????? ???? ??????? ????????????? ?,??? ??? ??????? ??? ????? ??? ??? ??? ????? ??? ??? ??? ?????? ??? ??? ??? ??????? ??? ?????? ??? ???????? ??? ?????? ????,Shoftim,508,7,Seeds,Heave Offerings,Terumah and Tithes
276,Redeem firstborn sons and give the money to a priest ,P,NUM 18:15,"""Every first issue of the womb of all flesh, whether man or animal, which they offer to the LORD, shall be yours; nevertheless the firstborn of man you shall surely redeem, and the firstborn of unclean animals you shall redeem.","?? ????-?????? ????? ?????-??????? ??????-?????????? ???????, ???????? ????????????--???????-?????: ???? ?????? ????????, ??? ??????? ???????, ????? ???????-?????????? ??????????, ?????????.","15 ??? ??? ????????? ?????? ??? ????? ??????, ? ???????????? ????? ??? ???????? ??? ???????, ??? ?????? ???? ? ??????? ???????????? ?? ????????? ??? ????????, ??? ?? ????????? ??? ?????? ??? ????????? ???????.  ",Korach,392,7,Seeds,First Fruits and Other Priestly Gifts Outside the Temple,Redemption of the Firstborn
277,Redeem the firstborn donkey by giving a lamb to a priest ,P,EXO 13:13,"""But every first offspring of a donkey you shall redeem with a lamb, but if you do not redeem it, then you shall break its neck; and every firstborn of man among your sons you shall redeem.","?? ?????-?????? ????? ????????? ??????, ?????-??? ???????? ????????????; ????? ??????? ????? ??????????, ?????????.","13 ??? ????????? ?????? ???? ???????? ???????? ??? ?? ?? ???????, ??????? ????. ??? ?????????? ???????? ??? ???? ??? ???????.  ",Bo,22,7,Seeds,First Fruits and Other Priestly Gifts Outside the Temple,Redemption of the Firstborn
278,Break the neck of the donkey if the owner does not intend to redeem it ,P,EXO 13:13,"""But every first offspring of a donkey you shall redeem with a lamb, but if you do not redeem it, then you shall break its neck; and every firstborn of man among your sons you shall redeem.",  ???????????? ????? ????????? ?????? ????????? ???????? ???????????? ????? ??????? ????? ?????????? ?????????? ?,??? ????????? ?????? ???? ???????? ??????? ??? ?? ?? ??????? ??????? ???? ??? ?????????? ???????? ??? ???? ??? ???????,Bo,23,7,Seeds,First Fruits and Other Priestly Gifts Outside the Temple,Redemption of the Firstborn
279,The land shall rest unworked during the seventh year,P,EXO 34:21,"""You shall work six days, but on the seventh day you shall rest; even during plowing time and harvest you shall rest.","?? ??????? ?????? ????????, ????????? ???????????? ??????????; ?????????? ???????????, ??????????.","21 ?? ?????? ????, ?? ?? ?????? ???????????? ?? ????? ??? ?? ????? ???????????.  ",Ki Tisa,112,7,Seeds,The Sabbatical Year and the Jubilee,Shemittah and Yovel
280,Do not work the land during the seventh year,N,LEV 25:4,"but during the seventh year the land shall have a sabbath rest, a sabbath to the LORD; you shall not sow your field nor prune your vineyard.","? ??????????? ????????????, ??????? ?????????? ??????? ???????--???????, ???????: ??????? ??? ???????, ?????????? ??? ???????.","4 ?? ?? ???? ?? ?????? ??????? ????????? ????? ?? ??, ??????? ?? ?????? ??? ????? ??? ?? ??????? ??? ??? ??????? ??? ?? ??????  ",B'har,326,7,Seeds,The Sabbatical Year and the Jubilee,Shemittah and Yovel
281,Do not work with trees to produce fruit during the seventh year ,N,LEV 25:4,"but during the seventh year the land shall have a sabbath rest, a sabbath to the LORD; you shall not sow your field nor prune your vineyard.",  ??????????? ???????????? ??????? ?????????? ??????? ??????? ??????? ??????? ??????? ??? ??????? ?????????? ??? ???????? ?,?? ?? ???? ?? ?????? ??????? ????????? ????? ?? ?? ??????? ?? ????? ??? ????? ??? ?? ??????? ??? ??? ??????? ??? ?? ??????,B'har,327,7,Seeds,The Sabbatical Year and the Jubilee,Shemittah and Yovel
282,Do not reap crops that grow wild during the seventh year in the normal manner ,N,LEV 25:5,"'Your harvest's aftergrowth you shall not reap, and your grapes of untrimmed vines you shall not gather; the land shall have a sabbatical year.","? ??? ??????? ????????? ??? ????????, ?????-???????? ????????? ??? ???????: ?????? ??????????, ??????? ???????.",5 ??? ?? ???????? ??????????? ??? ????? ??? ??? ?????????? ??? ??? ???????? ??? ?????????? ??? ??? ???????????? ???????? ?????????? ????? ?? ??.  ,B'har,328,7,Seeds,The Sabbatical Year and the Jubilee,Shemittah and Yovel
283,Do not gather grapes which grow wild during the seventh year in the normal way ,N,LEV 25:5,"'Your harvest's aftergrowth you shall not reap, and your grapes of untrimmed vines you shall not gather; the land shall have a sabbatical year.",  ??? ??????? ????????? ??? ???????? ?????????????? ????????? ??? ??????? ?????? ?????????? ??????? ???????? ?,??? ?? ???????? ??????????? ??? ????? ??? ??? ?????????? ??? ??? ???????? ??? ?????????? ??? ??? ??????????? ???????? ?????????? ????? ?? ??,B'har,329,7,Seeds,The Sabbatical Year and the Jubilee,Shemittah and Yovel
284,Leave free all produce which grew in the seventh year ,P,EXO 23:11,"but on the seventh year you shall let it rest and lie fallow, so that the needy of your people may eat; and whatever they leave the beast of the field may eat. You are to do the same with your vineyard and your olive grove.","?? ?????????????? ?????????????? ??????????????, ????????? ????????? ???????, ?????????, ??????? ?????? ?????????; ????-????????? ??????????, ?????????.","11 ?? ?? ?????? ?????? ???????? ??? ??????? ?????, ??? ??????? ?? ?????? ??? ?????? ???, ?? ?? ???????????? ?????? ?? ????? ?????. ????? ???????? ??? ???????? ??? ??? ??? ??????? ???. --  ",Mishpatim,84,7,Seeds,The Sabbatical Year and the Jubilee,Shemittah and Yovel
285,Release all loans during the seventh year ,P,DEU 15:2,"""This is the manner of remission: every creditor shall release what he has loaned to his neighbor; he shall not exact it of his neighbor and his brother, because the LORD'S remission has been proclaimed.","? ?????, ?????? ????????????--??????? ????-?????? ??????? ?????, ?????? ??????? ??????????: ???-??????? ???-??????? ?????-??????, ????-????? ????????? ???????.","2 ??? ????? ?? ????????? ??? ???????? ??????? ??? ????? ?????, ? ??????? ??? ? ???????, ??? ??? ??????? ??? ??? ??????????, ??? ??????????? ?????? ????? ?? ??? ???.  ",Re'eh,475,7,Seeds,The Sabbatical Year and the Jubilee,Shemittah and Yovel
286,Do not pressure or claim from the borrower during the seventh year ,N,DEU 15:2,"""This is the manner of remission: every creditor shall release what he has loaned to his neighbor; he shall not exact it of his neighbor and his brother, because the LORD'S remission has been proclaimed.",  ????? ?????? ???????????? ??????? ??????????? ??????? ????? ?????? ??????? ?????????? ??????????? ??????????? ???????????? ?????????? ????????? ???????? ?,??? ????? ?? ????????? ??? ??????? ??????? ??? ????? ????? ? ??????? ??? ? ??????? ??? ??? ??????? ??? ??? ?????????? ??? ??????????? ?????? ????? ?? ??? ???,Re'eh,477,7,Seeds,The Sabbatical Year and the Jubilee,Shemittah and Yovel
287,Do not refrain from lending immediately before the release of the loans for fear of monetary loss ,N,DEU 15:9,"""Beware that there is no base thought in your heart, saying, 'The seventh year, the year of remission, is near,' and your eye is hostile toward your poor brother, and you give him nothing; then he may cry to the LORD against you, and it will be a sin in you.","? ????????? ???? ????-??????? ????? ???-???????? ?????????? ??????, ??????? ??????-????????? ?????? ????????????, ??????? ??????? ?????????? ??????????, ????? ?????? ???; ??????? ??????? ???-??????, ??????? ???? ?????.","9 ??????? ?????? ?? ??????? ???? ??????? ?? ?? ?????? ???, ???????, ????? ??????? ?? ???? ?? ???????, ???? ??? ???????, ??? ???????????? ? ???????? ??? ?? ?????? ??? ?? ??????????, ??? ?? ?????? ????, ??? ???????? ???? ??? ???? ??????, ??? ????? ?? ??? ??????? ??????.  ",Re'eh,480,7,Seeds,The Sabbatical Year and the Jubilee,Shemittah and Yovel
288,The Sanhedrin must count seven groups of seven years ,P,LEV 25:8,"You are also to count off seven sabbaths of years for yourself, seven times seven years, so that you have the time of the seven sabbaths of years, namely, forty-nine years.","? ??????????? ????, ?????? ????????? ???????--?????? ???????, ?????? ?????????; ??????? ????, ????? ?????? ????????? ??????????, ??????? ?????????????, ??????.","8 ??? ???????????? ?????? ???? ?????????? ????, ???? ??? ???????, ??? ??????? ??? ???? ????????? ???? ????? ??? ???????????? ???.  ",B'har,330,7,Seeds,The Sabbatical Year and the Jubilee,Shemittah and Yovel
289,The Sanhedrin must sanctify the fiftieth year ,P,LEV 25:10,"'You shall thus consecrate the fiftieth year and proclaim a release through the land to all its inhabitants. It shall be a jubilee for you, and each of you shall return to his own property, and each of you shall return to his family.","? ??????????????, ??? ?????? ???????????? ??????, ?????????? ??????? ????????, ?????-??????????; ?????? ????, ???????? ?????, ??????????? ????? ???-??????????, ??????? ???-?????????????? ?????????.","10 ??? ???????? ?? ???? ?? ??????????? ???????? ??? ?????????? ?????? ??? ??? ??? ????? ???? ??????????? ?????? ???????? ??????? ??????? ???? ????? ????, ??? ??????????? ??? ??????? ??? ??? ?????? ?????, ??? ??????? ??? ??? ??????? ????? ???????????.  ",B'har,332,7,Seeds,The Sabbatical Year and the Jubilee,Shemittah and Yovel
290,Blow the ram's horn on the tenth day of the seventh month to free the slaves ,P,LEV 25:9,'You shall then sound a ram's horn abroad on the tenth day of the seventh month; on the day of atonement you shall sound a horn all through your land.,"? ????????????? ??????? ?????????, ????????? ???????????, ??????????, ????????; ???????, ????????????, ??????????? ???????, ??????-?????????.",9 ??? ??????????? ????????? ???? ?? ???? ?? ?? ???? ?? ???? ?? ?????? ?? ?????? ??? ?????? ?? ????? ??? ??????? ??????????? ???????? ?? ???? ?? ?? ????  ,B'har,331,7,Seeds,The Sabbatical Year and the Jubilee,Shemittah and Yovel
291,Do not work the soil during the fiftieth year,N,LEV 25:11,"You shall have the fiftieth year as a jubilee; you shall not sow, nor reap its aftergrowth, nor gather in from its untrimmed vines.","?? ?????? ????, ?????? ???????????? ??????--???????? ?????; ??? ?????????--????? ????????? ???-??????????, ????? ????????? ???-?????????.","11 ??????? ??????? ????, ?? ???? ?? ??????????? ???????? ????? ????? ?? ???????? ???? ??????? ?? ???????? ??????????? ????? ??? ?? ????????? ?? ????????? ?????,  ",B'har,333,7,Seeds,The Sabbatical Year and the Jubilee,Shemittah and Yovel
292,Do not reap in the normal manner that which grows wild in the fiftieth year ,N,LEV 25:11,"You shall have the fiftieth year as a jubilee; you shall not sow, nor reap its aftergrowth, nor gather in from its untrimmed vines.",  ?????? ???? ?????? ???????????? ?????? ???????? ????? ??? ????????? ????? ????????? ?????????????? ????? ????????? ?????????????? ?,??????? ??????? ???? ?? ???? ?? ??????????? ???????? ????? ???? ?? ???????? ???? ??????? ?? ???????? ??????????? ????? ??? ?? ????????? ?? ????????? ?????,B'har,334,7,Seeds,The Sabbatical Year and the Jubilee,Shemittah and Yovel
293,Do not pick grapes which grew wild in the normal manner in the fiftieth year ,N,LEV 25:11,"You shall have the fiftieth year as a jubilee; you shall not sow, nor reap its aftergrowth, nor gather in from its untrimmed vines.",  ?????? ???? ?????? ???????????? ?????? ???????? ????? ??? ????????? ????? ????????? ?????????????? ????? ????????? ?????????????? ?,??????? ??????? ???? ?? ???? ?? ??????????? ???????? ????? ???? ?? ???????? ???? ??????? ?? ???????? ??????????? ????? ??? ?? ????????? ?? ????????? ?????,B'har,335,7,Seeds,The Sabbatical Year and the Jubilee,Shemittah and Yovel
294,Carry out the laws of sold family properties in the fiftieth year ,P,LEV 25:24,"'Thus for every piece of your property, you are to provide for the redemption of the land.","?? ???????, ????? ????????????, ?????????, ????????? ???????. {?}",24 ??? ???? ????? ??? ??????????? ???? ????? ?????? ??? ???. --  ,B'har,340,7,Seeds,The Sabbatical Year and the Jubilee,Shemittah and Yovel
295,Do not sell the land in Israel indefinitely ,N,LEV 25:23,"The land, moreover, shall not be sold permanently, for the land is Mine; for you are but aliens and sojourners with Me.","?? ?????????, ??? ???????? ?????????--????-???, ???????: ????-?????? ???????????? ??????, ????????.","23 ??? ? ?? ?? ?????????? ??? ?????????, ??? ??? ????? ? ??, ????? ?????????? ??? ???????? ????? ???? ???????? ????  ",B'har,339,7,Seeds,The Sabbatical Year and the Jubilee,Shemittah and Yovel
296,Carry out the laws of houses in walled cities ,P,LEV 25:29,"'Likewise, if a man sells a dwelling house in a walled city, then his redemption right remains valid until a full year from its sale; his right of redemption lasts a full year.","?? ???????, ????-???????? ?????-??????? ???? ??????--????????? ???????????, ???-???? ?????? ??????????: ??????, ???????? ??????????.","29 ??? ?? ??? ???????? ?????? ??????? ?? ????? ????????????, ??? ????? ? ???????? ?????, ??? ??????? ???????? ??????, ????? ? ???????? ?????.  ",B'har,341,7,Seeds,The Sabbatical Year and the Jubilee,Shemittah and Yovel
297,The Tribe of Levi must not be given a portion of the land in Israel,N,DEU 18:1,"""The Levitical priests, the whole tribe of Levi, shall have no portion or inheritance with Israel; they shall eat the LORD'S offerings by fire and His portion.","? ???-??????? ??????????? ?????????? ????-?????? ?????, ????? ?????????--???-??????????; ??????? ?????? ???????????, ?????????.","1 ??? ????? ???? ???????? ???? ????????, ??? ???? ????, ????? ???? ?????? ???? ??????? ????????? ?????? ? ?????? ?????, ???????? ????.  ",Shoftim,504,7,Seeds,The Sabbatical Year and the Jubilee,Levites & Priests
298,The Levites must not take a share in the spoils of war ,N,DEU 18:1,"""The Levitical priests, the whole tribe of Levi, shall have no portion or inheritance with Israel; they shall eat the LORD'S offerings by fire and His portion.",  ??????????? ??????????? ?????????? ??????????? ????? ????? ????????? ?????????????? ??????? ?????? ??????????? ?????????? ?,??? ????? ???? ???????? ???? ???????? ??? ???? ???? ????? ???? ?????? ???? ?????? ????????? ?????? ? ?????? ????? ???????? ????,Shoftim,505,7,Seeds,The Sabbatical Year and the Jubilee,Levites & Priests
299,Give the Levites cities to inhabit and their surrounding fields ,P,NUM 35:2,"""Command the sons of Israel that they give to the Levites from the inheritance of their possession cities to live in; and you shall give to the Levites pasture lands around the cities.","? ???, ???-?????? ??????????, ????????? ?????????? ?????????? ??????????, ?????? ????????; ??????????, ???????? ?????????????, ?????????, ??????????.","2 ???????? ???? ????? ?????? ??? ???????? ???? ???????? ??? ??? ?????? ??????????? ????? ?????? ????????? ??? ?? ????????? ??? ?????? ????? ????? ???????? ???? ????????,  ",Masei,408,7,Seeds,The Sabbatical Year and the Jubilee,Levites & Priests
300,Do not sell the fields of the Levites but they shall belong to Levites before and after the Jubilee year ,N,LEV 25:34,"'But pasture fields of their cities shall not be sold, for that is their perpetual possession.","?? ???????? ???????? ????????, ??? ????????: ????-???????? ?????? ????, ?????. {?}","34 ??? ?? ????? ?? ??????????? ???? ??????? ????? ?? ???????????, ??? ?????????? ?????? ????? ????? ?????.  ",B'har,342,7,Seeds,The Sabbatical Year and the Jubilee,Shemittah and Yovel
301,Build a Sanctuary (Tabernacle-Temple) ,P,EXO 25:8,"""Let them construct a sanctuary for Me, that I may dwell among them.","? ???????? ???, ?????????; ?????????????, ?????????.","8 ??? ???????? ??? ???????, ??? ????????? ?? ?????  ",Terumah,95,8,Service,The Chosen House,Temple and Sacred Objects
302,Do not build the altar with stones hewn by metal ,N,EXO 20:25,"'If you make an altar of stone for Me, you shall not build it of cut stones, for if you wield your tool on it, you will profane it.","?? ?????-???????? ???????? ?????????-????, ???-??????? ??????? ???????: ???? ????????? ????????? ???????, ?????????????.","25 ??? ?? ???????????? ?? ????? ????? ???, ??? ???????????? ?????? ???????? ?? ??? ??????????? ??? ??????????? ??? ??????, ??? ?????????.  ",Yitro,40,8,Service,The Chosen House,Temple and Sacred Objects
303,Do not climb steps to the altar ,N,EXO 20:26,"'And you shall not go up by steps to My altar, so that your nakedness will not be exposed on it.'","?? ?????-??????? ?????????, ???-??????????: ?????? ???-???????? ??????????, ??????. {?}","26 ??? ??????? ?? ??????????? ??? ?? ???????????? ???, ???? ?? ?? ?????????? ??? ??????????? ??? ??? ?????.  ",Yitro,41,8,Service,The Chosen House,Temple and Sacred Objects
304,Show reverence to the Temple ,P,LEV 19:30,'You shall keep My sabbaths and revere My sanctuary; I am the LORD.,"? ???-??????????? ???????????, ????????????? ?????????: ?????, ??????.",30 ?? ??????? ??? ????????? ??? ??? ??? ????? ??? ???????????? ??? ???? ??????.  ,Kedoshim,254,8,Service,The Chosen House,Temple and Sacred Objects
305,Guard the Temple area ,P,NUM 18:2,"""But bring with you also your brothers, the tribe of Levi, the tribe of your father, that they may be joined with you and serve you, while you and your sons with you are before the tent of the testimony.","? ????? ???-??????? ?????? ????? ?????? ???????, ??????? ???????, ?????????? ???????, ?????????????; ???????? ????????? ???????, ??????? ????? ???????.","2 ??? ???? ???????? ???, ????? ????, ????? ??? ?????? ???, ?????????? ???? ???????, ??? ????????????? ??? ??? ??????????????? ???, ??? ?? ??? ?? ???? ??? ???? ??? ???????? ??? ?????? ??? ?????????.  ",Korach,388,8,Service,The Chosen House,Temple and Sacred Objects
306,Do not leave the Temple unguarded ,N,NUM 18:5,"""So you shall attend to the obligations of the sanctuary and the obligations of the altar, so that there will no longer be wrath on the sons of Israel.","? ?????????????, ??? ?????????? ?????????, ?????, ?????????? ????????????; ?????-??????? ???? ?????, ???-?????? ??????????.","5 ??? ????????? ??? ??????? ??? ????? ??? ??? ??????? ??? ????????????, ??? ??? ????? ????? ?? ???? ????? ??????.  ",Korach,391,8,Service,The Chosen House,Temple and Sacred Objects
307,Prepare the anointing oil ,P,EXO 30:31,"""You shall speak to the sons of Israel, saying, 'This shall be a holy anointing oil to Me throughout your generations.","?? ?????-?????? ??????????, ????????? ??????: ?????? ????????-?????? ??????? ???, ???--????????????.",31 ??? ???? ????? ?????? ???????? ????? ?????? ??????? ??????? ????? ????? ????? ???? ??? ??? ?????? ????.  ,Ki Tisa,107,8,Service,The Vessels of the Temple and Those Who Serve in It,Temple and Sacred Objects
308,Do not reproduce the anointing oil ,N,EXO 30:32,"It shall not be poured on anyone's body, nor shall you make any like it in the same proportions; it is holy, and it shall be holy to you.","?? ???-??????? ?????, ??? ???????, ?????????????????, ??? ???????? ????????; ?????? ????, ?????? ??????? ?????.","32 ??? ????? ???????? ?? ???????????, ??? ???? ??? ???????? ?????? ?? ???????? ???? ??????? ???????? ????? ????? ??? ??????? ????? ????.  ",Ki Tisa,109,8,Service,The Vessels of the Temple and Those Who Serve in It,Temple and Sacred Objects
309,Do not anoint a foreigner with anointing oil ,N,EXO 30:32,"It shall not be poured on anyone's body, nor shall you make any like it in the same proportions; it is holy, and it shall be holy to you.",  ??????????? ????? ??? ??????? ????????????????? ??? ???????? ???????? ?????? ???? ?????? ??????? ?????? ?,??? ????? ???????? ?? ??????????? ??? ???? ??? ???????? ?????? ?? ???????? ???? ??????? ??????? ????? ????? ??? ??????? ????? ????,Ki Tisa,108,8,Service,The Vessels of the Temple and Those Who Serve in It,Temple and Sacred Objects
310,Do not reproduce the incense formula ,N,EXO 30:37,"""The incense which you shall make, you shall not make in the same proportions for yourselves; it shall be holy to you for the LORD.","?? ????????????, ?????? ?????????--?????????????????, ??? ???????? ?????; ?????? ???????? ????, ???????.",37 ??????? ???? ??? ???????? ?????? ?? ???????? ???? ??????? ??????? ????? ???? ??????  ,Ki Tisa,110,8,Service,The Vessels of the Temple and Those Who Serve in It,Temple and Sacred Objects
311,Do not burn anything on the Golden Altar besides incense ,N,EXO 30:9,"""You shall not offer any strange incense on this altar, or burnt offering or meal offering; and you shall not pour out a drink offering on it.","? ???-??????? ?????? ??????? ?????, ??????? ?????????; ????????, ??? ???????? ??????.","9 ??? ??? ???????? ??? ????? ??????? ??????, ???????, ??????? ??? ??????? ?? ???????? ??? ?????.  ",Tetzaveh,104,8,Service,The Vessels of the Temple and Those Who Serve in It,Temple and Sacred Objects
312,The Levites must transport the ark on their shoulders ,P,NUM 7:9,"But he did not give any to the sons of Kohath because theirs was the service of the holy objects, which they carried on the shoulder.","? ????????? ?????, ??? ?????: ????-??????? ????????? ???????, ????????? ?????????.","9 ??? ???? ????? ???? ??? ??????, ??? ?? ????????????? ??? ????? ???????? ??? ???? ???????.  ",Naso,379,8,Service,The Vessels of the Temple and Those Who Serve in It,Levites & Priests
313,Do not remove the staves from the ark ,N,EXO 25:15,"""The poles shall remain in the rings of the ark; they shall not be removed from it.","?? ???????????, ???????, ???????, ??????????: ??? ???????, ?????????.",15 ?? ???? ?????????? ??? ??????? ??????? ?? ????????? ????????.  ,Terumah,96,8,Service,The Vessels of the Temple and Those Who Serve in It,Temple and Sacred Objects
314,The Levites must work in the Temple ,P,NUM 18:23,"""Only the Levites shall perform the service of the tent of meeting, and they shall bear their iniquity; it shall be a perpetual statute throughout your generations, and among the sons of Israel they shall have no inheritance.","?? ??????? ???????? ????, ???-??????? ????? ??????, ?????, ???????? ????????: ?????? ??????, ????????????, ????????? ?????? ??????????, ??? ????????? ???????.","23 ??? ???????????? ? ??????? ????? ??? ??????????? ??? ?????? ??? ?????????, ??? ????? ????????? ?? ?????????? ?????, ??????? ??????? ??? ??? ?????? ?????? ??? ?? ???? ???? ?????? ?? ??????????????? ????????????  ",Korach,394,8,Service,The Vessels of the Temple and Those Who Serve in It,Levites & Priests
315,No Levite must do the work of either another priest or another Levite,N,NUM 18:3,"""And they shall thus attend to your obligation and the obligation of all the tent, but they shall not come near to the furnishings of the sanctuary and the altar, or both they and you will die.","? ??????????, ??????????????, ????????????, ????-???????: ???? ???-?????? ????????? ?????-???????????? ??? ?????????, ?????-??????? ???-??? ????-??????.","3 ??? ?????????? ??? ??????? ??? ??? ??? ??????? ??? ??????, ???? ???? ?? ????? ?? ???? ??? ???? ?? ???????????? ?? ??????????????, ??? ??? ???????????? ??? ????? ??? ?????.  ",Korach,389,8,Service,The Vessels of the Temple and Those Who Serve in It,Levites & Priests
316,Dedicate the priest for service ,P,LEV 21:8,"'You shall consecrate him, therefore, for he offers the food of your God; he shall be holy to you; for I the LORD, who sanctifies you, am holy.","? ??????????????--????-???-????? ?????????, ???? ????????; ??????, ???????-?????--???? ???????, ????? ?????? ?????????????.","8 ??? ??????? ?????, ?? ???? ?????? ??? ???? ???? ????? ?????????? ????? ?????, ??? ????? ??? ?????? ? ??????? ??????.  ",Emor,269,8,Service,The Vessels of the Temple and Those Who Serve in It,Levites & Priests
317,The work of the priests' shifts must be equal during holidays ,P,DEU 18:6,"""Now if a Levite comes from any of your towns throughout Israel where he resides, and comes whenever he desires to the place which the LORD chooses,","? ?????-????? ???????? ??????? ??????????, ??????-??????????, ??????-????, ???? ????; ????? ??????-?????? ????????, ???-????????? ??????-??????? ??????.","6 ??? ?? ??????????? ? ??????? ?? ???? ??? ?????? ???? ?? ?????? ??? ???? ??????, ?? ????? ????????, ?????? ???????? ? ???? ?????, ??? ??? ?????, ?? ?? ????????? ??????,  ",Shoftim,509,8,Service,The Vessels of the Temple and Those Who Serve in It,Levites & Priests
318,The priests must wear their priestly garments during service ,P,EXO 28:2,"""You shall make holy garments for Aaron your brother, for glory and for beauty.","? ?????????? ???????-??????, ????????? ???????, ????????, ?????????????.",2 ??? ???????? ?????? ????? ????? ?? ?????? ??? ??? ????? ??? ?????.  ,Tetzaveh,99,8,Service,The Vessels of the Temple and Those Who Serve in It,Levites & Priests
319,Do not tear the priestly garments ,N,EXO 28:32,"""There shall be an opening at its top in the middle of it; around its opening there shall be a binding of woven work, like the opening of a coat of mail, so that it will not be torn.","?? ??????? ???-???????, ?????????; ?????? ??????? ?????? ?????? ???????? ?????, ?????? ??????? ???????-????--??? ?????????.","32 ??? ????? ?? ??????????? ?? ????? ?????, ??? ???? ????? ??? ???????????, ????? ???????, ??? ???????? ???????????? ?? ?????, ??? ?? ????.  ",Tetzaveh,101,8,Service,The Vessels of the Temple and Those Who Serve in It,Levites & Priests
320,Do not loosen the breastplate from the ephod,N,EXO 28:28,"""They shall bind the breastpiece by its rings to the rings of the ephod with a blue cord, so that it will be on the skillfully woven band of the ephod, and that the breastpiece will not come loose from the ephod.","?? ???????????? ???-???????? ????????????? ???-???????? ????????, ????????? ????????, ????????, ???-?????? ????????; ?????-?????? ????????, ????? ????????.",NP in LXX,Tetzaveh,100,8,Service,The Vessels of the Temple and Those Who Serve in It,Temple and Sacred Objects
321,A priest must not enter the Temple intoxicated ,N,LEV 10:9,"""Do not drink wine or strong drink, neither you nor your sons with you, when you come into the tent of meeting, so that you will not die--it is a perpetual statute throughout your generations--","? ????? ???????? ???-????????? ?????? ????????? ???????, ?????????? ???-????? ??????--????? ???????: ?????? ??????, ????????????.","9 ????? ??? ?????? ?? ??????, ?? ??? ?? ???? ??? ???? ???, ????? ?? ???????????? ??? ??? ?????? ??? ?????????, ? ??????????????? ???? ???? ?? ????????????, ??? ?? ?? ????????? (??????? ??????? ??? ??? ?????? ????)  ",Shemini,152,8,Service,Entry into the Temple,Levites & Priests
322,A priest must not enter the Temple with his head uncovered ,N,LEV 10:6,"Then Moses said to Aaron and to his sons Eleazar and Ithamar, ""Do not uncover your heads nor tear your clothes, so that you will not die and that He will not become wrathful against all the congregation. But your kinsmen, the whole house of Israel, shall bewail the burning which the LORD has brought about.","? ????????? ?????? ???-??????? ????????????? ???????????? ??????? ?????????? ???-?????????? ???????????? ???-?????????, ????? ???????, ????? ????-???????, ???????; ??????????, ????-????? ??????????--???????? ???-???????????, ?????? ?????? ??????.","6 ??? ????? ?????? ???? ????? ??? ??????? ??? ?????? ???? ????? ????? ???? ???????????????? ??? ??????? ???? ??? ????????????? ??? ?? ?????? ???? ?? ??????????, ??? ?? ????????? ??? ??? ????? ??? ????????? ????? ?????? ?? ??????? ???? ??? ? ????? ?????? ?????????? ??? ??????????, ?? ????????????? ??? ??????.  ",Shemini,149,8,Service,Entry into the Temple,Levites & Priests
323,A priest must not enter the Temple with torn clothes ,N,LEV 10:6,"Then Moses said to Aaron and to his sons Eleazar and Ithamar,""Do not uncover your heads nor tear your clothes, so that you will not die and that He will not become wrathful against all the congregation. But your kinsmen, the whole house of Israel, shall bewail the burning which the LORD has brought about.",  ????????? ?????? ??????????? ????????????? ???????????? ??????? ?????????? ?????????????? ???????????? ????????????? ????? ??????? ????? ???????????? ??????? ?????????? ?????????? ?????????? ???????? ??????????????? ?????? ?????? ??????? ?,??? ????? ?????? ???? ????? ??? ??????? ??? ?????? ???? ????? ????? ???? ???????????????? ??? ??????? ???? ??? ????????????? ??? ?? ?????? ???? ?? ?????????? ??? ?? ????????? ??? ??? ????? ??? ????????? ????? ????? ?? ??????? ???? ??? ? ????? ?????? ?????????? ??? ?????????? ?? ????????????? ??? ??????,Shemini,150,8,Service,Entry into the Temple,Levites & Priests
324,A priest must not enter the sanctuary of the Temple indiscriminately ,N,LEV 16:2,"The LORD said to Moses: ""Tell your brother Aaron that he shall not enter at any time into the holy place inside the veil, before the mercy seat which is on the ark, or he will die; for I will appear in the cloud over the mercy seat.","? ????????? ?????? ???-??????, ??????? ???-??????? ???????, ?????-????? ?????-??? ???-?????????, ??????? ??????????--???-?????? ??????????? ?????? ???-???????, ????? ??????, ???? ????????, ??????? ???-???????????.","2 ??? ????? ?????? ???? ?????? ??????? ???? ????? ??? ??????? ??? ??? ?? ???????????? ????? ???? ??? ?? ????? ???????? ??? ?????????????? ??? ???????? ??? ??????????, ? ????? ??? ??? ??????? ??? ?????????, ??? ??? ???????????? ?? ??? ?????? ????????? ??? ??? ??????????.  ",Acharei Mot,184,8,Service,Entry into the Temple,Levites & Priests
325,A priest must not leave the Temple during service ,N,LEV 10:7,"""You shall not even go out from the doorway of the tent of meeting, or you will die; for the LORD'S anointing oil is upon you."" So they did according to the word of Moses.","? ?????????? ????? ?????? ??? ???????, ????-????????--????-?????? ???????? ??????, ????????; ???????????, ???????? ??????. {?}","7 ??? ??? ??? ????? ??? ?????? ??? ????????? ??? ???????????, ??? ?? ?????????? ?? ??? ?????? ??? ??????? ?? ???? ?????? ??? ????. ??? ???????? ???? ?? ???? ?????.  ",Shemini,151,8,Service,Entry into the Temple,Levites & Priests
326,Send the impure person from the Temple ,P,NUM 5:2,"""Command the sons of Israel that they send away from the camp every leper and everyone having a discharge and everyone who is unclean because of a dead person.","? ???, ???-?????? ??????????, ???????????? ???-??????????, ????-??????? ?????-???; ?????, ????? ????????.",2 ????????? ???? ????? ?????? ??? ???????????????? ?? ??? ?????????? ????? ?????? ??? ????? ???????? ??? ????? ????????? ??? ?????  ,Naso,362,8,Service,Entry into the Temple,Levites & Priests
327,An impure person must not enter the Temple ,N,NUM 5:3,"""You shall send away both male and female; you shall send them outside the camp so that they will not defile their camp where I dwell in their midst.""","? ???????? ???-??????? ????????????, ???-?????? ?????????? ?????????????; ????? ?????????? ???-??????????, ?????? ????? ?????? ?????????.","3 ??? ????????? ??? ??????? ????????????? ??? ??? ??????????, ??? ?? ?? ????????? ??? ?????????? ?????, ?? ??? ??? ??????????? ?? ??????.  ",Naso,363,8,Service,Entry into the Temple,Levites & Priests
328,An impure person must not enter the Temple Mount area ,N,DEU 23:11,"""But it shall be when evening approaches, he shall bathe himself with water, and at sundown he may reenter the camp.","?? ??????? ????????-?????, ??????? ?????????; ??????? ??????????, ????? ???-?????? ??????????.",(23:12) ??? ????? ?? ???? ??????? ???????? ?? ???? ????? ????? ??? ????????? ????? ???????????? ??? ??? ??????????.  ,Ki Tetze,565,8,Service,Entry into the Temple,Levites & Priests
329,Impure priests must not do service in the Temple ,N,LEV 22:2,"""Tell Aaron and his sons to be careful with the holy gifts of the sons of Israel, which they dedicate to Me, so as not to profane My holy name; I am the LORD.","? ??????? ???-??????? ?????-???????, ???????????? ??????????? ?????-??????????, ????? ??????????, ???-???? ????????--?????? ??? ???????????? ???, ????? ??????.","2 ????? ????? ??? ???? ????? ????? ??? ???????????? ??? ??? ????? ??? ???? ?????? ??? ?? ???????????? ?? ????? ?? ????? ???, ??? ????? ?????????? ???? ??? ??????.  ",Emor,278,8,Service,Entry into the Temple,Levites & Priests
330,"An impure priest, following immersion, shall not serve until after sundown",N,LEV 21:6,"'They shall be holy to their God and not profane the name of their God, for they present the offerings by fire to the LORD, the food of their God; so they shall be holy.","? ????????? ???????, ???????????, ????? ??????????, ???? ??????????: ???? ???-??????? ?????? ????? ??????????, ??? ??????????--??????? ??????.",6 ????? ??????? ?? ??? ????? ??? ?? ???????????? ?? ????? ??? ???? ?????? ??? ??? ?????? ?????? ???? ??? ???? ????? ????? ???????????? ??? ??????? ?????.  ,Emor,265,8,Service,Entry into the Temple,Levites & Priests
331,A priest must wash his hands and feet before service ,P,EXO 30:19,"""Aaron and his sons shall wash their hands and their feet from it;","?? ????????? ??????? ????????, ?????????, ???-????????, ?????-??????????.",19 ??? ??????? ????? ??? ?? ???? ????? ?? ????? ??? ?????? ??? ???? ????? ?????.  ,Ki Tisa,106,8,Service,Entry into the Temple,Levites & Priests
332,A priest with a physical blemish must not enter the sanctuary or approach the altar ,N,LEV 21:23,"only he shall not go in to the veil or come near the altar because he has a defect, so that he will not profane My sanctuaries. For I am the LORD who sanctifies them.'""","?? ???? ???-?????????? ??? ?????, ?????-???????????? ??? ???????--????-???? ????; ????? ???????? ???-???????????, ???? ????? ?????? ???????????.","23 ???? ???? ?? ??????????? ?? ????????????? ??? ???? ?? ???????????? ??? ??????, ??? ????? ????? ??? ?? ????????? ?? ????? ??? ???? ?????, ??? ??? ???? ?????? ? ??????? ??????.  ",Emor,277,8,Service,Entry into the Temple,Levites & Priests
333,A priest with a physical blemish must not serve ,N,LEV 21:17,"""Speak to Aaron, saying, 'No man of your offspring throughout their generations who has a defect shall approach to offer the food of his God.","?? ??????? ???-???????, ??????: ????? ??????????? ?????????, ?????? ??????? ??? ????--??? ???????, ?????????? ????? ????????.","17 ????? ????? ???????? ?? ??? ?????? ??? ??? ??? ?????? ????, ???? ??? ? ?? ???? ?????, ?? ????????????? ?????????? ?? ???? ??? ???? ?????.  ",Emor,275,8,Service,Entry into the Temple,Levites & Priests
334,A priest with a temporary blemish must not serve ,N,LEV 21:17,"""Speak to Aaron, saying, 'No man of your offspring throughout their generations who has a defect shall approach to offer the food of his God.",  ??????? ??????????? ?????? ????? ??????????? ????????? ?????? ??????? ??? ???? ??? ??????? ?????????? ????? ????????? ?,????? ????? ???????? ?? ??? ?????? ??? ??? ??? ?????? ???? ???? ??? ? ?? ???? ????? ?? ????????????? ?????????? ?? ???? ??? ???? ?????,Emor,276,8,Service,Entry into the Temple,Levites & Priests
335,One who is not a priest must not serve ,N,NUM 18:4,"""They shall be joined with you and attend to the obligations of the tent of meeting, for all the service of the tent; but an outsider may not come near you.","? ????????? ???????--?????????? ???-?????????? ????? ??????, ????? ??????? ???????; ?????, ???-??????? ????????.","4 ??? ?????????????? ???? ?? ??? ?????????? ??? ??????? ??? ?????? ??? ????????? ???? ????? ??? ??????????? ??? ??????, ??? ? ????????? ?? ????????????? ???? ??.  ",Korach,390,8,Service,Entry into the Temple,Levites & Priests
336,Offer only unblemished animals ,P,LEV 22:21,"'When a man offers a sacrifice of peace offerings to the LORD to fulfill a special vow or for a freewill offering, of the herd or of the flock, it must be perfect to be accepted; there shall be no defect in it.","?? ???????, ????-???????? ?????-????????? ???????, ????????-????? ??? ?????????, ????????? ??? ???????--??????? ??????? ????????, ????-???? ??? ???????-????.","21 ??? ????????, ?? ?? ?????????? ?????? ???????? ?? ????? ?????????? ????? ???? ??????? ? ?? ???? ??????? ???? ?? ??? ????????? ? ?? ??? ????????, ?????? ????? ??? ??????, ??? ????? ??? ????? ?? ????.  ",Emor,286,8,Service,Things Forbidden on the Altar,Sacrifices and Offerings
337,Do not dedicate a blemished animal for the altar ,N,LEV 22:20,"'Whatever has a defect, you shall not offer, for it will not be accepted for you.","? ???? ??????-???? ????, ??? ??????????: ????-??? ????????, ??????? ?????.","20 ?????, ??? ?? ??? ????? ?? ????, ?? ??????????? ?????, ????? ?? ?????? ????? ????.  ",Emor,285,8,Service,Things Forbidden on the Altar,Sacrifices and Offerings
338,Do not slaughter a blemished animal ,N,LEV 22:22,"Those that are blind or fractured or maimed or having a running sore or eczema or scabs, you shall not offer to the LORD, nor make of them an offering by fire on the altar to the LORD.","?? ???????? ??? ??????? ???-?????? ???-????????, ??? ????? ??? ????????--???-?????????? ??????, ???????; ?????????, ???-???????? ????? ???-????????????--???????.","22 ?????? ? ?????????????? ? ???????????? ? ??????????? ? ??????????? ? ??????? ??????, ?? ??????????? ????? ?? ?????, ??? ??? ???????? ?? ?????? ??? ????? ??? ?? ???????????? ?? ?????.  ",Emor,289,8,Service,Things Forbidden on the Altar,Sacrifices and Offerings
339,Do not sprinkle a blemished animal's blood ,N,LEV 22:24,"Also anything with its testicles bruised or crushed or torn or cut, you shall not offer to the LORD, or sacrifice in your land,",  ????????? ???????? ???????? ???????? ??? ?????????? ??????? ????????????? ??? ????????? ?,??????? ??? ????????????? ??? ???????? ??? ???????????? ?? ????????? ???? ?? ????? ??? ??? ??? ??? ???? ?? ????????,Emor,288,5,Holiness,Forbidden Sexual Relations,Sacrifices and Offerings
340,Do not burn a blemished animal's fat ,N,LEV 22:22,"Those that are blind or fractured or maimed or having a running sore or eczema or scabs, you shall not offer to the LORD, nor make of them an offering by fire on the altar to the LORD.",  ???????? ??? ??????? ?????????? ???????????? ??? ????? ??? ???????? ?????????????? ?????? ??????? ????????? ???????????? ????? ???????????????? ???????? ?,?????? ? ?????????????? ? ???????????? ? ??????????? ? ??????????? ? ??????? ?????? ?? ??????????? ????? ?? ????? ??? ??? ???????? ?? ?????? ??' ????? ??? ?? ???????????? ?? ?????,Emor,290,8,Service,Things Forbidden on the Altar,Sacrifices and Offerings
341,Do not offer a temporarily blemished animal ,N,DEU 17:1,"""You shall not sacrifice to the LORD your God an ox or a sheep which has a blemish or any defect, for that is a detestable thing to the LORD your God.","? ???-???????? ??????? ????????? ????? ??????, ?????? ??????? ??? ????--????, ?????? ???: ???? ???????? ?????? ?????????, ????. {?}","1 ?? ?????? ????? ?? ??? ??? ?????? ? ????????, ?? ? ????? ?? ???? ?????, ??? ???? ???????, ??? ???????? ????? ?? ??? ??? ?????.  ",Shoftim,494,8,Service,Things Forbidden on the Altar,Sacrifices and Offerings
342,Do not sacrifice blemished animals even if offered by those who are not part of the Covenant,N,LEV 22:25,"nor shall you accept any such from the hand of a foreigner for offering as the food of your God; for their corruption is in them, they have a defect, they shall not be accepted for you.'""","?? ???????? ????-?????, ??? ?????????? ???-????? ??????????--??????-??????: ???? ?????????? ?????? ???? ????, ??? ??????? ?????. {?}","25 ??? ?? ?????? ?????????? ?? ?????????? ?? ???? ??? ???? ???? ??? ?????? ??????, ??? ???????? ????? ?? ??????, ????? ?? ??????, ?? ?????????? ????? ????.  ",Emor,292,8,Service,Things Forbidden on the Altar,Sacrifices and Offerings
343,Do not inflict wounds upon dedicated animals ,N,LEV 22:21,"'When a man offers a sacrifice of peace offerings to the LORD to fulfill a special vow or for a freewill offering, of the herd or of the flock, it must be perfect to be accepted; there shall be no defect in it.",  ??????? ????????????? ??????????????? ??????? ?????????????? ??? ????????? ????????? ??? ??????? ??????? ??????? ???????? ????????? ??? ????????????? ?,??? ???????? ?? ?? ?????????? ?????? ???????? ?? ????? ?????????? ????? ???? ??????? ? ?? ???? ??????? ???? ?? ??? ????????? ? ?? ??? ???????? ?????? ????? ??? ?????? ??? ????? ??? ????? ?? ????,Emor,287,8,Service,Things Forbidden on the Altar,Sacrifices and Offerings
344, To redeem dedicated animals which have become disqualified,P,DEU 12:15,"""However, you may slaughter and eat meat within any of your gates, whatever you desire, according to the blessing of the LORD your God which He has given you; the unclean and the clean may eat of it, as of the gazelle and the deer.",  ??? ????????????? ????????? ????????? ??????????? ?????? ??????????? ?????? ????????? ?????? ?????????? ????????????????? ???????? ??????????? ??????????? ????????? ??????????? ?,???' ? ?? ???? ???????? ??? ?????? ??? ???? ???? ???? ??? ???????? ?????? ??? ???? ??? ?? ?????? ??? ?? ???? ????? ? ????????? ?? ??? ??? ? ??????? ??? ?? ???? ??????? ???? ?? ??????? ? ??????,Re'eh,441,8,Service,Things Forbidden on the Altar,Sacrifices and Offerings
345,Offer only animals which are at least eight days old ,P,LEV 22:27,"""When an ox or a sheep or a goat is born, it shall remain seven days with its mother, and from the eighth day on it shall be accepted as a sacrifice of an offering by fire to the LORD.","?? ????? ???-?????? ???-??? ???? ????????, ??????? ???????? ?????? ?????? ??????; ????????? ????????????, ?????????, ???????, ?????????? ??????? ???????.","27 ?????? ? ???????? ? ????, ?? ?? ?????, ??? ????? ???? ?????? ??? ??? ??????, ?? ?? ????? ?? ????? ??? ???????? ?????????? ??? ????, ??????? ?????.  ",Emor,293,8,Service,Things Forbidden on the Altar,Sacrifices and Offerings
346,Do not offer animals bought with the wages of a harlot or the wages of a dog,N,DEU 23:18,"""You shall not bring the hire of a harlot or the wages of a dog into the house of the LORD your God for any votive offering, for both of these are an abomination to the LORD your God.",  ?????????? ??????? ?????? ???????? ?????? ????? ?????? ????????? ??????????? ???? ???????? ?????? ????????? ??????????????? ?,23:19 ?? ?????????? ??????? ?????? ???? ??????? ????? ??? ??? ????? ?????? ??? ???? ??? ???? ????? ????? ??? ???????? ????? ?? ??? ??? ????? ??? ????????,Ki Tetze,,8,Service,Things Forbidden on the Altar,Sacrifices and Offerings
347,Do not burn honey or yeast on the altar ,N,LEV 2:11,"'No grain offering, which you bring to the LORD, shall be made with leaven, for you shall not offer up in smoke any leaven or any honey as an offering by fire to the LORD.","?? ????-??????????, ?????? ??????????? ???????--??? ????????, ?????: ???? ???-?????? ?????-???????, ???-?????????? ????????? ??????? ???????.","11 ????? ??????, ?? ?? ?????????? ?????, ?? ???????? ???????? ????? ??? ????? ??? ??? ????, ?? ?????????? ??? ????? ???????? ?????.  ",Vayikra,117,8,Service,Things Forbidden on the Altar,Sacrifices and Offerings
348,Salt all sacrifices ,P,LEV 2:13,"'Every grain offering of yours, moreover, you shall season with salt, so that the salt of the covenant of your God shall not be lacking from your grain offering; with all your offerings you shall offer salt.","?? ?????-???????? ??????????, ????????? ????????, ????? ?????????? ????? ??????? ?????????, ????? ??????????; ??? ????-???????????, ????????? ?????. {?}","13 ??? ??? ????? ?????? ???? ??? ???????????? ?? ?????????? ??? ???????? ?????? ??? ??????????? ????, ??? ?????? ????? ???? ?????????? ????? ?? ??? ???? ????. --  ",Vayikra,119,8,Service,Things Forbidden on the Altar,Sacrifices and Offerings
349,Do not omit the salt from sacrifices ,N,LEV 2:13,"'Every grain offering of yours, moreover, you shall season with salt, so that the salt of the covenant of your God shall not be lacking from your grain offering; with all your offerings you shall offer salt.",  ?????????????? ?????????? ????????? ???????? ????? ?????????? ????? ??????? ????????? ????? ?????????? ??? ???????????????? ????????? ?????? ? ?,??? ??? ????? ?????? ???? ??? ??????????? ?? ?????????? ??? ???????? ?????? ??? ??????????? ???? ??? ?????? ????? ???? ?????????? ????? ?? ??? ???? ????,Vayikra,118,8,Service,Things Forbidden on the Altar,Sacrifices and Offerings
350,Carry out the procedure of the burnt offering as prescribed in the Law ,P,LEV 1:3,"'If his offering is a burnt offering from the herd, he shall offer it, a male without defect; he shall offer it at the doorway of the tent of meeting, that he may be accepted before the LORD.","? ???-????? ?????????? ???-????????, ????? ??????? ?????????????; ???-?????? ????? ??????, ???????? ?????, ?????????, ??????? ??????.","3 ??? ?????????? ?? ????? ????? ?? ??? ????, ????? ?????? ????????? ???? ??? ????? ??? ?????? ??? ????????? ????????? ???? ?????? ???????? ??????.  ",Vayikra,115,8,Service,Sacrificial Procedures,Sacrifices and Offerings
351,Do not eat the meat of an offering away from the Temple ,N,DEU 12:17,"""You are not allowed to eat within your gates the tithe of your grain or new wine or oil, or the firstborn of your herd or flock, or any of your votive offerings which you vow, or your freewill offerings, or the contribution of your hand.","?? ???-?????? ??????? ?????????????, ???????? ????????? ???????????? ????????????, ????????? ?????????, ?????????; ?????-????????? ?????? ???????, ????????????? ?????????? ??????.","17 ?? ?????? ?????? ?? ???? ??????? ??? ?? ?????????? ??? ????? ??? ??? ??? ????? ??? ??? ??? ?????? ???, ?? ????????? ??? ???? ??? ??? ??? ???????? ??? ??? ????? ?????, ???? ?? ???????, ??? ??? ????????? ???? ??? ??? ??????? ??? ?????? ????,  ",Re'eh,446,7,Seeds,Second Tithe and Fruit of the Fourth Year,Terumah and Tithes
352,Carry out the procedure of the sin offering ,P,LEV 6:25,"""Speak to Aaron and to his sons, saying, 'This is the law of the sin offering: in the place where the burnt offering is slain the sin offering shall be slain before the LORD; it is most holy.","?? ??????? ???-??????? ?????-??????? ??????, ???? ??????? ?????????: ????????? ?????? ?????????? ??????? ?????????? ?????????, ??????? ??????--?????? ?????????, ????.","(6:18) ??????? ????? ??? ???? ????? ????? ????? ????? ? ????? ??? ????????? ?? ????, ?? ????????? ?? ??????????, ????????? ?? ???? ??? ???????? ?????? ??????? ???? ????? ?????.  ",Tzav,138,8,Service,Sacrificial Procedures,Sacrifices and Offerings
353,Do not eat the meat of the inner sin offering ,N,LEV 6:23,"""So every grain offering of the priest shall be burned entirely. It shall not be eaten.""","?? ?????-??????? ?????? ??????? ????????, ??? ???????. {?}",(6:16) ??? ???? ????? ?????? ????????? ????? ??? ?? ??????????.  ,Tzav,139,8,Service,Sacrificial Procedures,Sacrifices and Offerings
354,Do not decapitate a fowl brought as a sin offering ,N,LEV 5:8,"He shall bring them to the priest, who shall offer first that which is for the sin offering and shall nip its head at the front of its neck, but he shall not sever it.","? ???????? ????? ???-????????, ?????????? ???-?????? ????????? ??????????; ??????? ???-??????? ??????? ????????, ????? ?????????.","8 ??? ????? ???? ???? ??? ?????, ??? ???????? ? ?????? ?? ???? ??? ???????? ????????? ??? ????????? ? ?????? ??? ??????? ????? ??? ??? ????????? ??? ?? ???????  ",Vayikra,124,8,Service,Sacrificial Procedures,Sacrifices and Offerings
355,Carry out the procedure of the guilt offering ,P,LEV 7:1,'Now this is the law of the guilt offering; it is most holy.,"? ?????? ???????, ????????: ?????? ?????????, ????.",1 ??? ????? ? ????? ??? ????? ??? ???? ??? ???????????? ???? ????? ?????.  ,Tzav,140,8,Service,Sacrificial Procedures,Sacrifices and Offerings
356,The priests must eat the sacrificial meat in the Temple ,P,EXO 29:33,"""Thus they shall eat those things by which atonement was made at their ordination and consecration; but a layman shall not eat them, because they are holy.","?? ????????? ????? ?????? ??????? ??????, ???????? ???-????? ????????? ?????; ????? ???-??????, ????-?????? ???.","33 ??????? ????, ?? ??? ?????????? ?? ?????? ????????? ??? ?????? ????? ??????? ??????, ??? ????????? ??? ?????? ??? ?????? ????? ??? ????.  ",Tetzaveh,102,8,Service,Sacrificial Procedures,Sacrifices and Offerings
357,The priests must not eat the meat outside the Temple courtyard ,N,DEU 12:17,"""You are not allowed to eat within your gates the tithe of your grain or new wine or oil, or the firstborn of your herd or flock, or any of your votive offerings which you vow, or your freewill offerings, or the contribution of your hand.",  ?????????? ??????? ????????????? ???????? ????????? ???????????? ???????????? ????????? ????????? ????????? ??????????????? ?????? ??????? ????????????? ?????????? ??????? ?,?? ?????? ?????? ?? ???? ??????? ??? ?? ?????????? ??? ????? ??? ??? ??? ????? ??? ??? ??? ?????? ??? ?? ????????? ??? ???? ??? ??? ??? ???????? ??? ??? ????? ????? ???? ?? ??????? ??? ??? ????????? ???? ??? ??? ??????? ??? ?????? ????,Re'eh,447,7,Seeds,Second Tithe and Fruit of the Fourth Year,Terumah and Tithes
358,A non- priest must not eat certain sacrificial meat ,N,EXO 29:33,"""Thus they shall eat those things by which atonement was made at their ordination and consecration; but a layman shall not eat them, because they are holy.",  ????????? ????? ?????? ??????? ?????? ???????? ????????? ????????? ????? ????? ?????????? ??????????? ???? ?,??????? ???? ?? ??? ?????????? ?? ?????? ????????? ??? ?????? ????? ??????? ?????? ??? ????????? ??? ?????? ??' ????? ????? ??? ????,Tetzaveh,,8,Service,Sacrificial Procedures,Sacrifices and Offerings
359,Follow the procedure of the peace offering ,P,LEV 7:11,'Now this is the law of the sacrifice of peace offerings which shall be presented to the LORD.,"?? ?????? ???????, ????? ????????????, ?????? ????????, ???????.","11 ????? ? ????? ?????? ????????, ?? ???????????? ?????.  ",Tzav,141,8,Service,Sacrificial Procedures,Sacrifices and Offerings
360,Do not eat the meat of minor sacrifices before sprinkling the blood ,N,DEU 12:15,"""However, you may slaughter and eat meat within any of your gates, whatever you desire, according to the blessing of the LORD your God which He has given you; the unclean and the clean may eat of it, as of the gazelle and the deer.","?? ??? ??????-?????? ????????? ????????? ??????????? ??????, ??????????? ?????? ????????? ?????? ?????-????--??????-??????????; ???????? ??????????? ???????????, ????????? ??????????.","15 ???? ? ?? ???? ???????? ??? ?????? ??? ???? ???? ???? ??? ???????? ?????? ??? ???? ???, ?? ?????? ??? ?? ???? ?????? ? ????????? ?? ??? ??? ? ??????? ??? ?? ???? ??????? ???? ?? ??????? ? ???????  ",Re'eh,448,8,Service,Sacrificial Procedures,Sacrifices and Offerings
361,Bring meal offerings as prescribed in the Torah ,P,LEV 2:1,"'Now when anyone presents a grain offering as an offering to the LORD, his offering shall be of fine flour, and he shall pour oil on it and put frankincense on it.","? ????????, ????-???????? ???????? ??????? ???????--?????, ??????? ??????????; ??????? ??????? ??????, ??????? ??????? ???????.","1 ??? ?? ???? ???????? ????? ?????? ?? ?????, ????????? ????? ?? ????? ?????, ??? ??????? ??? ???? ?????? ??? ???????? ??? ???? ???????? ????? ?????.  ",Vayikra,116,8,Service,Sacrificial Procedures,Sacrifices and Offerings
362,Do not put oil on the meal offerings of wrongdoers ,N,LEV 5:11,"'But if his means are insufficient for two turtledoves or two young pigeons, then for his offering for that which he has sinned, he shall bring the tenth of an ephah of fine flour for a sin offering; he shall not put oil on it or place incense on it, for it is a sin offering.","?? ?????-??? ???????? ????? ????????? ??????, ??? ???????? ?????-??????--???????? ???-?????????? ?????? ????? ????????? ??????? ?????, ?????????; ???-??????? ??????? ??????, ?????-?????? ??????? ???????--???? ???????, ????.","11 ??? ?? ?? ??????? ????? ? ???? ?????? ???????? ? ??? ???????? ??????????, ??? ????? ?? ????? ????? ???? ?? ???????, ?? ??????? ??? ???? ????????? ???? ????????? ??? ??????? ??? ???? ?????? ???? ???????? ??? ???? ???????, ??? ???? ???????? ??????  ",Vayikra,125,8,Service,Sacrificial Procedures,Sacrifices and Offerings
363,Do not put frankincense on the meal offerings of wrongdoers ,N,LEV 5:11,"'But if his means are insufficient for two turtledoves or two young pigeons, then for his offering for that which he has sinned, he shall bring the tenth of an ephah of fine flour for a sin offering; he shall not put oil on it or place incense on it, for it is a sin offering.",  ????????? ???????? ????? ????????? ?????? ??? ???????? ???????????? ???????? ?????????????? ?????? ????? ????????? ??????? ????? ????????? ??????????? ??????? ?????? ???????????? ??????? ??????? ???? ??????? ????? ?,??? ?? ?? ??????? ????? ? ???? ?????? ???????? ? ??? ???????? ?????????? ??? ????? ?? ????? ????? ???? ?? ??????? ?? ??????? ??? ???? ????????? ???? ???????? ??? ??????? ??' ???? ?????? ???? ???????? ??' ???? ??????? ??? ???? ???????? ?????,Vayikra,126,8,Service,Sacrificial Procedures,Sacrifices and Offerings
364,Do not eat the meal offering of a priest ,N,LEV 6:16,'What is left of it Aaron and his sons are to eat. It shall be eaten as unleavened cakes in a holy place; they are to eat it in the court of the tent of meeting.,"? ????????????? ?????????, ???????? ??????? ????????; ??????? ???????? ????????? ??????, ???????? ?????-?????? ??????????.","(6:9) ?? ?? ??????????? ??? ????? ?????? ????? ??? ?? ???? ?????? ????? ?????????? ?? ???? ????, ?? ???? ??? ?????? ??? ????????? ??????? ?????.  ",Tzav,137,8,Service,Sacrificial Procedures,Sacrifices and Offerings
365,Do not bake a meal offering as leavened bread ,N,LEV 6:17,"'It shall not be baked with leaven. I have given it as their share from My offerings by fire; it is most holy, like the sin offering and the guilt offering.","? ??? ??????? ?????, ??????? ???????? ?????? ?????????; ?????? ????????? ????, ?????????? ??????????.",(6:10) ?? ?????????? ?????????? ?????? ????? ????? ?????? ??? ??? ?????????? ??????? ???? ????? ????? ?? ??? ???????? ??? ????? ?? ??? ???????????.  ,Tzav,135,8,Service,Sacrificial Procedures,Sacrifices and Offerings
366,The priests must eat the remains of the meal offerings ,P,LEV 6:16,'What is left of it Aaron and his sons are to eat. It shall be eaten as unleavened cakes in a holy place; they are to eat it in the court of the tent of meeting.,  ????????????? ????????? ???????? ??????? ???????? ??????? ???????? ????????? ?????? ???????? ???????????? ??????????? ?,6:9 ?? ?? ??????????? ??' ????? ?????? ????? ??? ?? ???? ????? ????? ?????????? ?? ???? ???? ?? ???? ??? ?????? ??? ????????? ??????? ?????,Tzav,134,8,Service,Sacrificial Procedures,Sacrifices and Offerings
367,Bring all avowed and freewill offerings to the Temple on the first subsequent festival ,P,DEU 12:5,"""But you shall seek the LORD at the place which the LORD your God will choose from all your tribes, to establish His name there for His dwelling, and there you shall come.","? ???? ???-???-????????? ??????-??????? ?????? ??????????, ??????-???????????, ??????? ???-??????, ????--?????????? ??????????, ??????? ????????.","5 ???? ? ??? ??? ?????, ?? ?? ????????? ?????? ? ???? ???? ?? ??? ??? ????? ???? ?????????? ?? ????? ????? ???? ???????????, ??? ?????????? ??? ???????????? ????  ",Re'eh,438,8,Service,Sacrificial Procedures,Sacrifices and Offerings
368,Do not withhold payment incurred by any vow ,N,DEU 23:22,"""However, if you refrain from vowing, it would not be sin in you.","?? ????? ????????, ????????--???-??????? ????, ?????.","(23:23) ??? ?? ?? ????? ????????, ??? ????? ?? ??? ???????.  ",Ki Tetze,,8,Service,Sacrificial Procedures,Sacrifices and Offerings
369,Offer all sacrifices in the Temple ,P,DEU 12:11,"then it shall come about that the place in which the LORD your God will choose for His name to dwell, there you shall bring all that I command you: your burnt offerings and your sacrifices, your tithes and the contribution of your hand, and all your choice votive offerings which you will vow to the LORD.","?? ??????? ?????????, ??????-??????? ?????? ?????????? ???? ????????? ?????? ????--??????? ????????, ??? ????-?????? ??????? ???????? ???????: ??????????? ????????????, ??????????????? ????????? ???????, ????? ??????? ??????????, ?????? ????????? ???????.","11 ??? ????? ? ?????, ?? ?? ????????? ?????? ? ???? ???? ??????????? ?? ????? ????? ????, ???? ?????? ?????, ??? ??? ?????????? ???? ???????, ?? ???????????? ???? ??? ?? ?????????? ???? ??? ?? ????????? ???? ??? ??? ??????? ??? ?????? ???? ??? ?? ?????? ???? ??? ??? ???????? ??? ????? ????, ??? ??? ??????? ?? ??? ????,  ",Re'eh,440,8,Service,Sacrificial Procedures,Sacrifices and Offerings
370,Bring all sacrifices from outside Israel to the Temple ,P,DEU 12:26,"""Only your holy things which you may have and your votive offerings, you shall take and go to the place which the LORD chooses.","?? ??? ?????????? ??????-??????? ????, ???????????, ???????? ???????, ???-????????? ??????-??????? ??????.","26 ???? ?? ???? ???, ??? ??????? ???, ??? ??? ????? ??? ????? ????? ??? ??? ?????, ?? ?? ????????? ?????? ? ???? ??? ??????????? ?? ????? ????? ????,  ",Re'eh,453,8,Service,Sacrificial Procedures,Sacrifices and Offerings
371,Do not slaughter sacrifices outside the Temple  ,N,LEV 17:3,"""Any man from the house of Israel who slaughters an ox or a lamb or a goat in the camp, or who slaughters it outside the camp,","? ????? ?????, ??????? ??????????, ?????? ???????? ????? ???-?????? ???-???, ???????????; ??? ?????? ????????, ?????? ??????????.","3 ???????? ???????? ??? ???? ?????? ? ??? ?????????? ??? ???????????? ?? ????, ?? ?? ????? ?????? ? ???????? ? ???? ?? ?? ????????? ??? ?? ?? ????? ??? ??? ??????????  ",Acharei Mot,186,8,Service,Sacrificial Procedures,Sacrifices and Offerings
372,Do not offer any sacrifices outside the courtyard ,N,DEU 12:13,"""Be careful that you do not offer your burnt offerings in every cultic place you see,","?? ????????? ????, ????-???????? ?????????, ??????-??????, ?????? ????????.","13 ??????? ?????? ?? ????????? ?? ???????????? ??? ?? ????? ????, ?? ??? ????,  ",Re'eh,439,8,Service,Sacrificial Procedures,Sacrifices and Offerings
373,Offer two lambs for sacrifice every day ,P,NUM 28:3,"""You shall say to them, 'This is the offering by fire which you shall offer to the LORD: two male lambs one year old without defect as a continual burnt offering every day.","? ??????????? ?????--??? ?????????, ?????? ??????????? ???????: ?????????? ??????-?????? ???????? ???????? ???????, ????? ??????.","3 ??? ????? ???? ?????? ????? ?? ?????????, ??? ????????? ?????? ?????? ?????????? ??????? ??? ??? ?????? ??? ??????????? ?????????,  ",Pinchas,401,8,Service,Perpetual Offerings and Additional Offerings,Sacrifices and Offerings
374,Keep the fire burning on the altar ,P,LEV 6:9,"""Command Aaron and his sons, saying, 'This is the law for the burnt offering: the burnt offering itself shall remain on the hearth on the altar all night until the morning, and the fire on the altar is to be kept burning on it.","? ??? ???-??????? ?????-??????? ??????, ???? ??????? ???????: ???? ??????? ??? ???????? ???-???????????? ????-??????????, ???-????????, ?????? ????????????, ??????? ????.","(6:2) ???????? ????? ??? ???? ????? ????? ????? ????? ? ????? ??? ????????????? ???? ? ??????????? ??? ??? ??????? ????? ??? ??? ???????????? ???? ??? ????? ??? ?? ????, ??? ?? ??? ??? ???????????? ?????????? ??? ?????, ?? ???????????.  ",Tzav,132,8,Service,Perpetual Offerings and Additional Offerings,Temple and Sacred Objects
375,Do not extinguish the fire on the altar ,N,LEV 6:9,"""Command Aaron and his sons, saying, 'This is the law for the burnt offering: the burnt offering itself shall remain on the hearth on the altar all night until the morning, and the fire on the altar is to be kept burning on it.",  ??? ??????????? ????????????? ?????? ???? ??????? ??????? ???? ??????? ??? ???????? ???????????????? ??????????????? ???????????? ?????? ???????????? ??????? ????? ?,6:2 ???????? ????? ??? ???? ????? ????? ????? ????? ? ????? ??? ???????????? ???? ? ??????????? ??? ??? ??????? ????? ??? ??? ???????????? ???? ??? ????? ??? ?? ???? ??? ?? ??? ??? ???????????? ?????????? ??' ????? ?? ???????????,Tzav,133,8,Service,Perpetual Offerings and Additional Offerings,Temple and Sacred Objects
376,Remove the ashes from the altar every day ,P,LEV 6:10,"The priest is to put on his linen robe, and he shall put on undergarments next to his flesh; and he shall take up the ashes to which the fire reduces the burnt offering on the altar and place them beside the altar.","? ???????? ???????? ?????? ???, ???????????-??? ????????? ???-?????????, ???????? ???-????????? ?????? ??????? ?????? ???-???????, ???-????????????; ????????, ????? ????????????.","(6:3) ??? ????????? ? ?????? ?????? ?????? ??? ?????????? ?????? ????????? ???? ?? ???? ????? ??? ?????? ??? ????????????, ?? ?? ?????????? ?? ??? ??? ???????????, ??? ??? ???????????? ??? ????????? ???? ???????? ??? ????????????.  ",Tzav,131,8,Service,Perpetual Offerings and Additional Offerings,Sacrifices and Offerings
377,Burn incense every day ,P,EXO 30:7,"""Aaron shall burn fragrant incense on it; he shall burn it every morning when he trims the lamps.","? ?????????? ?????? ???????, ??????? ???????; ????????? ?????????, ???????????? ???-????????--?????????????.","7 ??? ???????? ??? ????? ????? ??????? ???????? ??????? ?? ???? ????, ???? ?????????? ???? ???????, ???????? ??? ?????,  ",Tetzaveh,103,8,Service,Perpetual Offerings and Additional Offerings,Temple and Sacred Objects
378,Light the Menorah every day ,P,EXO 27:21,"""In the tent of meeting, outside the veil which is before the testimony, Aaron and his sons shall keep it in order from evening to morning before the LORD; it shall be a perpetual statute throughout their generations for the sons of Israel.","?? ???????? ?????? ?????? ?????????? ?????? ???-???????, ???????? ????? ??????? ???????? ??????? ???-??????--??????? ??????: ?????? ?????? ?????????, ????? ?????? ??????????. {?}",21 ?? ?? ????? ??? ????????? ?????? ??? ?????????????? ??? ??? ??? ???????? ?????? ???? ????? ??? ?? ???? ????? ??? ??????? ??? ???? ???????? ??????? ??????? ??????? ??? ??? ?????? ???? ???? ??? ???? ??????.  ,Tetzaveh,98,8,Service,Perpetual Offerings and Additional Offerings,Temple and Sacred Objects
379,The high priest must bring a meal offering every day ,P,LEV 6:20,"""This is the offering which Aaron and his sons are to present to the LORD on the day when he is anointed; the tenth of an ephah of fine flour as a regular grain offering, half of it in the morning and half of it in the evening.","?? ??? ???????? ??????? ???????? ??????-?????????? ???????, ??????? ????????? ?????--????????? ??????? ????? ???????, ???????: ??????????? ?????????, ????????????? ????????.","(6:13) ????? ?? ????? ????? ??? ??? ???? ?????, ? ???????????? ????? ?? ?? ?????, ? ?? ?????? ?????? ?? ??????? ??? ???? ?????????? ??? ?????? ??? ??????, ?? ????? ????? ?? ???? ??? ?? ????? ????? ?? ????????.  ",Tzav,136,8,Service,Perpetual Offerings and Additional Offerings,Sacrifices and Offerings
380,Bring two additional lambs as burnt offerings on the Sabbath ,P,NUM 28:9,"Then on the sabbath day two male lambs one year old without defect, and two-tenths of an ephah of fine flour mixed with oil as a grain offering, and its drink offering:","? ????????, ??????????--??????-????????? ??????-??????, ?????????; ???????? ???????????, ????? ??????? ????????? ?????????--??????????.",9 ??? ?? ????? ??? ???????? ????????? ??? ?????? ?????????? ??????? ??? ??? ?????? ?????????? ?????????????? ?? ????? ??? ?????? ??? ???????  ,Pinchas,402,8,Service,Perpetual Offerings and Additional Offerings,Sacrifices and Offerings
381,Make the show bread and place it before G-d ,P,EXO 25:30,"""You shall set the bread of the Presence on the table before Me at all times.","? ????????? ???-??????????? ????? ???????, ??????? ???????. {?}",30 ??? ????????? ??? ??? ???????? ?????? ???????? ???????? ??? ??? ??????.  ,Terumah,97,8,Service,Perpetual Offerings and Additional Offerings,Temple and Sacred Objects
382,Bring additional offerings on the first day of the month,P,NUM 28:11,"'Then at the beginning of each of your months you shall present a burnt offering to the LORD: two bulls and one ram, seven male lambs one year old without defect;","?? ???????????, ???????????--??????????? ?????, ???????: ??????? ??????-????? ???????? ??????? ?????, ?????????? ??????-?????? ???????? ?????????.","11 ??? ?? ???? ?????????? ????????? ???????????? ?? ????? ??????? ?? ???? ??? ??? ????? ???, ?????? ?????????? ???? ???????,  ",Pinchas,403,8,Service,Perpetual Offerings and Additional Offerings,Sacrifices and Offerings
383,Bring additional offerings on Passover ,P,NUM 28:19,"'You shall present an offering by fire, a burnt offering to the LORD: two bulls and one ram and seven male lambs one year old, having them without defect.","?? ?????????????? ??????? ????? ???????, ??????? ??????-????? ???????? ??????? ?????; ?????????? ????????? ?????? ??????, ????????? ??????? ?????.","19 ??? ????????? ???????????? ????????? ????? ??????? ?? ???? ???, ????? ???, ???? ?????? ??????????, ?????? ??????? ?????  ",Pinchas,299,8,Service,Perpetual Offerings and Additional Offerings,Sacrifices and Offerings
384,Offer the wave offering from the meal of the new wheat ,P,LEV 23:10,"""Speak to the sons of Israel and say to them, 'When you enter the land which I am going to give to you and reap its harvest, then you shall bring in the sheaf of the first fruits of your harvest to the priest.","? ??????? ???-?????? ??????????, ??????????? ???????, ????-??????? ???-??????? ?????? ????? ????? ?????, ???????????? ???-?????????--?????????? ???-????? ???????? ??????????, ???-????????.","10 ????? ???? ????? ?????? ??? ????? ???? ?????? ???? ????????? ??? ??? ???, ?? ??? ?????? ????, ??? ???????? ??? ???????? ?????, ??? ?????? ?????? ??????? ??? ???????? ???? ???? ??? ??????  ",Emor,302,8,Service,Perpetual Offerings and Additional Offerings,Sacrifices and Offerings
385,Each man must count seven weeks from the day the new wheat offering was brought after Passover,P,LEV 23:15,"'You shall also count for yourselves from the day after the sabbath, from the day when you brought in the sheaf of the wave offering; there shall be seven complete sabbaths.","?? ???????????? ?????, ?????????? ??????????, ??????? ??????????, ???-????? ???????????: ?????? ??????????, ????????? ???????????.","15 ??? ?????????? ????? ??? ??? ???????? ??? ????????, ??? ??? ??????, ?? ?? ???????????? ?? ?????? ??? ??????????, ???? ????????? ???????????  ",Emor,306,8,Service,Perpetual Offerings and Additional Offerings,Appointed Times
386,Bring additional offerings on the Feast of Weeks ,P,NUM 28:26,"Also on the day of the first fruits, when you present a new grain offering to the LORD in your Feast of Weeks, you shall have a holy convocation; you shall do no laborious work.","?? ???????? ?????????????, ??????????????? ??????? ???????? ???????--????????????????: ???????-?????? ??????? ?????, ????-???????? ??????? ??? ????????.","26 ??? ?? ????? ??? ????, ???? ?????????? ?????? ???? ????? ??? ?????????, ????????? ???? ????? ????, ??? ????? ????????? ?? ????????.  ",Pinchas,404,8,Service,Perpetual Offerings and Additional Offerings,Sacrifices and Offerings
387,Bring two loaves to accompany the additional the Feast of Weeks offerings ,P,LEV 23:17,"You shall bring in from your dwelling places two loaves of bread for a wave offering, made of two-tenths of an ephah; they shall be of a fine flour, baked with leaven as first fruits to the LORD.","?? ????????????????? ?????????? ????? ?????????, ????????? ?????? ???????????--????? ???????????, ????? ???????????: ???????????, ???????.","17 ??? ??? ????????? ???? ?????????? ?????? ???????, ??? ??????? ?? ??? ??????? ?????????? ???????, ?????????? ??????????? ?????????????? ?? ?????.  ",Emor,307,8,Service,Perpetual Offerings and Additional Offerings,Sacrifices and Offerings
388,Bring additional offerings on the Feast of Trumpets,P,NUM 29:1,"'Now in the seventh month, on the first day of the month, you shall also have a holy convocation; you shall do no laborious work. It will be to you a day for blowing trumpets.",  ?????????? ???????????? ???????? ???????? ?????????????? ??????? ????? ????????????? ??????? ??? ???????? ???? ????????? ??????? ?????? ?,??? ?? ???? ?? ?????? ??? ??? ????? ????????? ???? ????? ???? ??? ????? ????????? ?? ???????? ????? ???????? ????? ????,Pinchas,312,8,Service,Perpetual Offerings and Additional Offerings,Sacrifices and Offerings
389,Bring additional offerings on the Day of Atonement,P,NUM 29:8,"You shall present a burnt offering to the LORD as a soothing aroma: one bull, one ram, seven male lambs one year old, having them without defect;","? ?????????????? ????? ??????? ????? ???????, ???? ????-?????? ????? ????? ?????; ?????????? ??????-?????? ????????, ????????? ??????? ?????.","8 ??? ?????????? ???????????? ??? ????? ??????? ????????? ????? ?????? ??? ?? ????, ????? ???, ?????? ?????????? ????, ?????? ??????? ?????  ",Pinchas,314,8,Service,Perpetual Offerings and Additional Offerings,Sacrifices and Offerings
390,Bring additional offerings on the Feast of Tabernacles ,P,NUM 29:12,"'Then on the fifteenth day of the seventh month you shall have a holy convocation; you shall do no laborious work, and you shall observe a feast to the LORD for seven days.","?? ????????????? ?????? ???? ???????? ????????????, ???????-?????? ??????? ?????--????-???????? ???????, ??? ????????; ?????????? ??? ???????, ???????? ??????.","12 ??? ?? ?????????????? ????? ??? ????? ??? ??????? ?????? ????????? ???? ????? ????, ??? ????? ????????? ?? ???????? ??? ????????? ????? ?????? ????? ???? ??????.  ",Pinchas,320,8,Service,Perpetual Offerings and Additional Offerings,Sacrifices and Offerings
391,Bring additional offerings on the eighth day of the Feast of Tabernacles,P,NUM 29:35,'On the eighth day you shall have a solemn assembly; you shall do no laborious work.,"?? ????????, ????????????--???????, ???????? ?????: ????-???????? ???????, ??? ????????.",35 ??? ?? ????? ?? ????? ??????? ????? ????? ??? ????? ????????? ?? ???????? ?? ????.  ,Pinchas,322,8,Service,Perpetual Offerings and Additional Offerings,Sacrifices and Offerings
392,Do not eat sacrifices which have become unfit or blemished ,N,DEU 14:3,"""You shall not eat any detestable thing.","? ??? ??????, ????-?????????.",3 ?? ??????? ??? ????????.  ,Re'eh,469,8,Service,Sacrifices Become Unfit,Sacrifices and Offerings
393,Do not eat from sacrifices offered with improper intentions ,N,LEV 7:18,"So if any of the flesh of the sacrifice of his peace offerings should ever be eaten on the third day, he who offers it will not be accepted, and it will not be reckoned to his benefit. It shall be an offensive thing, and the person who eats of it will bear his own iniquity.","?? ????? ??????? ??????? ?????????-????? ????????? ???????? ?????????????, ??? ???????--??????????? ????? ??? ???????? ???, ???????? ???????; ??????????? ????????? ?????????, ????????? ????????.","18 ??? ?? ????? ???? ??? ??? ????? ?? ????? ?? ?????, ?? ?????????? ???? ?? ??????????? ????, ?? ???????????? ????, ?????? ?????? ? ?? ????, ???? ??? ???? ??? ?????, ??? ???????? ????????.  ",Tzav,144,8,Service,Sacrifices Become Unfit,Sacrifices and Offerings
394,Do not leave sacrifices past the time allowed for eating them ,N,LEV 22:30,"""It shall be eaten on the same day, you shall leave none of it until morning; I am the LORD.","? ???????? ?????? ???????, ???-????????? ????????? ???-??????: ?????, ??????.","30 ???? ?? ????? ?????? ??????????, ??? ?????????? ??? ??? ????? ??? ?? ????? ??? ???? ??????.  ",Emor,,8,Service,Sacrifices Become Unfit,Sacrifices and Offerings
395,Do not eat from that which was left over from an offering ,N,LEV 19:8,"'Everyone who eats it will bear his iniquity, for he has profaned the holy thing of the LORD; and that person shall be cut off from his people.","? ?????????? ???????? ???????, ????-???-?????? ?????? ??????; ??????????? ????????? ??????, ??????????.","8 ? ?? ????? ???? ???????? ????????, ??? ?? ???? ?????? ??????????? ??? ????????????????? ?? ????? ?? ???????? ?? ??? ???? ?????.  ",Kedoshim,215,8,Service,Sacrifices Become Unfit,Sacrifices and Offerings
396,Do not eat from sacrifices which became impure ,N,LEV 7:19,"Also the flesh that touches anything unclean shall not be eaten; it shall be burned with fire. As for other flesh, anyone who is clean may eat such flesh.","?? ??????????? ??????-?????? ??????-?????, ??? ???????--???????, ?????????; ???????????--????-??????, ?????? ???????.","19 ??? ????, ??? ?? ?????? ?????? ?????????, ?? ??????????, ?? ???? ??????????????. ??? ??????? ??????? ????.  ",Tzav,145,8,Service,Sacrifices Become Unfit,Sacrifices and Offerings
397,An impure person must not eat from sacrifices ,N,LEV 7:20,"'But the person who eats the flesh of the sacrifice of peace offerings which belong to the LORD, in his uncleanness, that person shall be cut off from his people.","? ??????????? ??????-??????? ???????, ???????? ???????????? ?????? ???????, ???????????, ??????--??????????? ????????? ??????, ??????????.","20 ? ?? ????, ???? ??? ???? ??? ??? ????? ??? ?????? ??? ????????, ? ????? ??????, ??? ? ????????? ????? ??? ?????, ????????? ? ???? ?????? ?? ??? ???? ?????.  ",Tzav,167,8,Service,Sacrifices Become Unfit,Sacrifices and Offerings
398,Burn the leftover sacrifices ,P,LEV 7:17,but what is left over from the flesh of the sacrifice on the third day shall be burned with fire.,"?? ???????????, ????????? ????????--????????, ?????????????, ???????, ?????????.",17 ??? ?? ??????????? ??? ??? ????? ??? ?????? ??? ?????? ?????? ?? ???? ??????????????.  ,Tzav,143,8,Service,Sacrifices Become Unfit,Sacrifices and Offerings
399,Burn all impure sacrifices ,P,LEV 7:19,"Also the flesh that touches anything unclean shall not be eaten; it shall be burned with fire. As for other flesh, anyone who is clean may eat such flesh.",  ??????????? ????????????? ???????????? ??? ??????? ??????? ????????? ??????????? ??????????? ?????? ???????? ?,??? ???? ??? ?? ?????? ?????? ????????? ?? ?????????? ?? ???? ?????????????? ??? ??????? ??????? ????,Tzav,146,8,Service,Sacrifices Become Unfit,Sacrifices and Offerings
400,Follow the procedures of the Day of Atonement in the sequence prescribed,P,LEV 16:3,"""Aaron shall enter the holy place with this: with a bull for a sin offering and a ram for a burnt offering.","? ??????? ????? ???????, ???-?????????: ?????? ????-?????? ?????????, ??????? ???????.",3 ????? ???????????? ????? ??? ?? ?????? ?? ????? ?? ???? ???? ???????? ??? ????? ??? ???????????  ,Acharei Mot,185,8,Service,Service on Yom Kippur,Sacrifices and Offerings
401,One who profaned a sacred object must repay what he profaned plus a fifth and bring a sacrifice ,P,LEV 5:16,"""He shall make restitution for that which he has sinned against the holy thing, and shall add to it a fifth part of it and give it to the priest. The priest shall then make atonement for him with the ram of the guilt offering, and it will be forgiven him.","?? ????? ?????? ????? ???-????????? ?????????, ?????-??????????? ?????? ??????, ??????? ?????, ????????; ??????????, ???????? ?????? ??????? ????????--????????? ???. {?}","16 ??? ? ??????? ??? ??? ?????, ????????? ???? ??? ?? ?????????? ????????? ??? ???? ??? ????? ???? ?? ?????? ??? ? ?????? ?????????? ???? ????? ?? ?? ???? ??? ???????????, ??? ?????????? ????.  ",Vayikra,127,8,Service,Benefit from Consecrated Things,Temple and Sacred Objects
402,Do not work consecrated animals ,N,DEU 15:19,"""You shall consecrate to the LORD your God all the firstborn males that are born of your herd and of your flock; you shall not work with the firstborn of your herd, nor shear the firstborn of your flock.","?? ????-????????? ?????? ???????? ??????????? ???????????, ????????--???????????, ??????? ?????????: ??? ??????? ???????? ????????, ????? ????? ??????? ???????.","19 ??? ??????????, ? ??? ????? ?? ???? ?????? ??? ??? ?? ???? ????????? ???, ?? ????????, ???????? ????? ?? ??? ???? ??? ???? ?? ?? ????????? ????? ??? ??? ?? ?? ?????? ?? ?????????? ??? ???????? ????  ",Re'eh,483,8,Service,Benefit from Consecrated Things,Sacrifices and Offerings
403,Do not shear the fleece of consecrated animals ,N,DEU 15:19,"""You shall consecrate to the LORD your God all the firstborn males that are born of your herd and of your flock; you shall not work with the firstborn of your herd, nor shear the firstborn of your flock.",  ?????????????? ?????? ???????? ??????????? ??????????? ???????? ??????????? ??????? ????????? ??? ??????? ???????? ???????? ????? ????? ??????? ???????? ?,??? ?????????? ? ??? ????? ?? ???? ?????? ??? ??? ?? ???? ????????? ??? ?? ???????? ???????? ????? ?? ??? ??? ??? ???? ?? ?? ????????? ????? ??? ??? ?? ?? ?????? ?? ?????????? ??? ???????? ???,Re'eh,484,8,Service,Benefit from Consecrated Things,Sacrifices and Offerings
404,Slaughter the paschal sacrifice at the specified time ,P,EXO 12:6,"'You shall keep it until the fourteenth day of the same month, then the whole assembly of the congregation of Israel is to kill it at twilight.","? ??????? ????? ????????????, ??? ?????????? ?????? ???? ???????? ??????; ?????????? ?????, ???? ????? ?????-??????????--????? ????????????.","6 ??? ????? ???? ?????????????? ??? ??? ?????????????????? ??? ????? ??????, ??? ????????? ???? ??? ?? ?????? ????????? ???? ?????? ???? ???????.  ",Bo,5,9,Sacrifices,The Pesach Sacrifice,Sacrifices and Offerings
405,Do not slaughter the paschal sacrifice while in possession of leaven ,N,EXO 23:18,"""You shall not offer the blood of My sacrifice with leavened bread; nor is the fat of My feast to remain overnight until morning.","?? ???-???????? ???-?????, ????-???????; ?????-?????? ?????-??????, ???-??????.","18 ???? ??? ?????? ???? ??? ???????? ??? ??? ????????? ?? ???? ???, ?? ?????? ??? ???? ???? ??????????? ???, ???? ?? ??????? ????? ??? ?????? ??? ??? ????.  ",Mishpatim,89,9,Sacrifices,The Pesach Sacrifice,Sacrifices and Offerings
406,Do not leave the fat of the paschal sacrifice overnight ,N,EXO 23:18,"""You shall not offer the blood of My sacrifice with leavened bread; nor is the fat of My feast to remain overnight until morning.",  ???????????? ????????? ???????????? ???????????? ???????????? ??????????? ?,???? ??? ?????? ???? ??? ???????? ??? ??? ????????? ?? ???? ??? ?? ?????? ??? ???? ???? ??????????? ??? ???? ?? ??????? ????? ??? ?????? ??? ??? ????,Mishpatim,90,9,Sacrifices,The Pesach Sacrifice,Sacrifices and Offerings
407,Slaughter the second Passover lamb ,P,NUM 9:11,"In the second month on the fourteenth day at twilight, they shall celebrate it; they shall eat it with unleavened bread and bitter herbs.",????????? ????????? ????????????? ?????? ???? ????? ???????????? ???????? ????? ??????????? ?????????? ???????????,11 ?? ?? ???? ?? ??????? ?? ?? ????????????????? ????? ?? ???? ??????? ?????????? ???? ??' ?????? ??? ???????? ???????? ????,B'ha'alot'cha,380,9,Sacrifices,The Pesach Sacrifice,Sacrifices and Offerings
408,Eat the Passover lamb with unleavened bread and bitter herbs on the night of the 14th of Nisan ,P,EXO 12:8,"They shall eat the flesh that same night, roasted with fire, and they shall eat it with unleavened bread and bitter herbs.","? ????????? ???-?????????, ??????????? ??????: ?????-???? ?????????, ???-???????? ??????????.",8 ??? ???????? ?? ???? ?? ????? ?????? ???? ???? ??? ????? ??? ???????? ???????.  ,Bo,6,9,Sacrifices,The Pesach Sacrifice,Sacrifices and Offerings
409,Eat the second Passover lamb on the night of the 15th day of the month after Passover,P,NUM 9:11,"In the second month on the fourteenth day at twilight, they shall celebrate it; they shall eat it with unleavened bread and bitter herbs.",????????? ????????? ????????????? ?????? ???? ????? ???????????? ???????? ????? ??????????? ?????????? ???????????,11 ?? ?? ???? ?? ??????? ?? ?? ????????????????? ????? ?? ???? ??????? ?????????? ???? ??' ?????? ??? ???????? ???????? ????,B'ha'alot'cha,381,9,Sacrifices,The Pesach Sacrifice,Sacrifices and Offerings
410,Do not eat the meat of the Passover lamb raw or boiled ,N,EXO 12:9,"Do not eat any of it raw or boiled at all with water, but rather roasted with fire, both its head and its legs along with its entrails.","? ???-????????? ????????? ???, ???????? ????????? ?????????: ???? ???-?????-????, ??????? ???-????????? ?????-????????.","9 ??? ?????? ??? ????? ???? ???? ???????? ?? ?????, ???? ? ???? ????, ??????? ??? ???? ????? ??? ???? ??????????.  ",Bo,7,9,Sacrifices,The Pesach Sacrifice,Sacrifices and Offerings
411,Do not take the meat of the Passover lamb from the confines of the group ,N,EXO 12:46,"""It is to be eaten in a single house; you are not to bring forth any of the flesh outside of the house, nor are you to break any bone of it.","?? ???????? ????? ???????, ???-??????? ???-???????? ???-????????? ??????; ???????, ??? ???????????-???.","46 ?? ????? ??? ??????????, ??? ??? ???????? ?? ??? ?????? ??? ????? ???? ??? ?????? ?? ?????????? ??? ?????.  ",Bo,15,9,Sacrifices,The Pesach Sacrifice,Sacrifices and Offerings
412,An apostate must not eat from the Passover lamb ,N,EXO 12:43,"The LORD said to Moses and Aaron, ""This is the ordinance of the Passover: no foreigner is to eat of it;","?? ????????? ?????? ???-?????? ?????????, ???? ?????? ????????: ????-????-?????, ???-?????? ????.",43 ????? ?? ?????? ???? ?????? ??? ????? ????? ????? ? ????? ??? ?????? ??? ????????? ??? ?????? ??? ??????  ,Bo,13,9,Sacrifices,The Pesach Sacrifice,Sacrifices and Offerings
413,A permanent or temporary hired worker must not eat from the Passover lamb ,N,EXO 12:45,"""A sojourner or a hired servant shall not eat of it.","?? ???????? ?????????, ???-?????? ????.",45 ???????? ? ???????? ??? ?????? ??? ?????.  ,Bo,14,9,Sacrifices,The Pesach Sacrifice,Sacrifices and Offerings
414,An uncircumcised male must not eat from the Passover lamb ,N,EXO 12:48,"""But if a stranger sojourns with you, and celebrates the Passover to the LORD, let all his males be circumcised, and then let him come near to celebrate it; and he shall be like a native of the land. But no uncircumcised person may eat of it.","?? ?????-?????? ??????? ????, ???????? ????? ???????--??????? ??? ???-????? ????? ??????? ??????????, ??????? ?????????? ???????; ?????-?????, ???-?????? ????.","48 ??? ?? ??? ???????? ???? ???? ?????????? ??????? ?? ????? ?????, ?????????? ????? ??? ?????????, ??? ???? ????????????? ??????? ???? ??? ????? ????? ??? ? ???????? ??? ???? ??? ??????????? ??? ?????? ??? ?????.  ",Bo,18,7,Seeds,Heave Offerings,Terumah and Tithes
415,Do not break any bones from the Passover lamb,N,EXO 12:46,"""It is to be eaten in a single house; you are not to bring forth any of the flesh outside of the house, nor are you to break any bone of it.",  ???????? ????? ??????? ??????????? ???????????? ????????????? ?????? ??????? ??? ???????????????? ?,?? ????? ??? ?????????? ??? ??? ???????? ?? ??? ?????? ??? ????? ??? ??? ?????? ?? ?????????? ??' ?????,Bo,16,9,Sacrifices,The Pesach Sacrifice,Sacrifices and Offerings
416,Do not break any bones from the second Passover lamb offering ,N,NUM 9:12,"They shall not leave any of it until morning, nor break a bone of it; they shall celebrate it in accordance with the whole statute of the Passover.",  ??????????????? ????????? ?????????? ??????? ??? ??????????????? ????????????? ???????? ???????? ??????,12 ?? ????????????? ??' ????? ??? ?? ???? ??? ?????? ?? ???????????? ??' ????? ???? ??? ????? ??? ????? ?????????? ????,B'ha'alot'cha,383,9,Sacrifices,The Pesach Sacrifice,Sacrifices and Offerings
417,Do not leave any meat of the Passover lamb over until morning ,N,EXO 12:10,"'And you shall not leave any of it over until morning, but whatever is left of it until morning, you shall burn with fire.","? ?????-????????? ?????????, ???-??????; ?????????? ????????? ???-??????, ??????? ???????????.",10 ??? ?????????? ??? ????? ??? ???? ??? ?????? ?? ?????????? ??? ?????? ?? ?? ????????????? ??? ????? ??? ???? ?? ???? ???????????.  ,Bo,8,9,Sacrifices,The Pesach Sacrifice,Sacrifices and Offerings
418,Do not leave the meat of the second Passover lamb over until morning ,N,NUM 9:12,"They shall not leave any of it until morning, nor break a bone of it; they shall celebrate it in accordance with the whole statute of the Passover.",  ??????????????? ????????? ?????????? ??????? ??? ??????????????? ????????????? ???????? ???????? ??????,12 ?? ????????????? ??' ????? ??? ?? ???? ??? ?????? ?? ???????????? ??' ????? ???? ??? ????? ??? ????? ?????????? ????,B'ha'alot'cha,382,9,Sacrifices,The Pesach Sacrifice,Sacrifices and Offerings
419,Do not leave the meat of the Passover lamb of the 14th until the 16th ,N,DEU 16:4,"""For seven days no leaven shall be seen with you in all your territory, and none of the flesh which you sacrifice on the evening of the first day shall remain overnight until morning.","? ?????-??????? ???? ?????? ??????-?????????, ???????? ??????; ?????-?????? ???-?????????, ?????? ????????? ???????? ???????? ??????????--????????.","4 ??? ????????? ??? ???? ?? ???? ???? ?????? ??? ???? ??????, ??? ?? ???????????? ??? ??? ?????, ?? ??? ????? ?? ??????? ?? ????? ?? ?????, ??? ?? ????.  ",Re'eh,486,9,Sacrifices,The Pesach Sacrifice,Sacrifices and Offerings
420,"Go to the Temple on Passover, the Feast of Weeks, and the Feast of Tabernacles ",P,DEU 16:16,"""Three times in a year all your males shall appear before the LORD your God in the place which He chooses, at the Feast of Unleavened Bread and at the Feast of Weeks and at the Feast of Booths, and they shall not appear before the LORD empty-handed.","?? ???????? ????????? ?????????? ??????? ???-????????? ???-?????? ?????? ?????????, ?????????? ?????? ???????--?????? ?????????? ??????? ????????????, ??????? ??????????; ????? ??????? ???-?????? ??????, ??????.","16 ????? ??????? ??? ???????? ????????? ??? ????????? ??? ???????? ?????? ??? ???? ??? ?? ?? ????, ? ??? ????????? ????? ??????, ?? ?? ????? ??? ?????? ??? ?? ?? ????? ??? ????????? ??? ?? ?? ????? ??? ???????????. ??? ?????? ??????? ?????? ??? ???? ??? ??????  ",Re'eh,489,9,Sacrifices,Pilgrimage Festival Sacrifice,Appointed Times
421,"Celebrate on Passover, the Feast of Weeks, and the Feast of Tabernacles and bring a peace offering",P,EXO 23:14,"""Three times a year you shall celebrate a feast to Me.","?? ??????? ????????, ?????? ??? ??????????.",14 ????? ??????? ??? ???????? ????????? ???.  ,Mishpatim,88,9,Sacrifices,Pilgrimage Festival Sacrifice,Appointed Times
422,"Rejoice on Passover, the Feast of Weeks, and the Feast of Tabernacles and bring a peace offering",P,DEU 16:14,"and you shall rejoice in your feast, you and your son and your daughter and your male and female servants and the Levite and the stranger and the orphan and the widow who are in your towns.","?? ????????????, ??????????: ?????? ???????? ?????????, ??????????? ??????????, ?????????? ???????? ??????????? ?????????????, ?????? ?????????????.","14 ??? ?????????? ?? ?? ????? ???, ?? ??? ? ???? ??? ??? ? ??????? ???, ? ???? ??? ??? ? ???????? ??? ??? ? ??????? ??? ? ?????????? ??? ? ??????? ??? ? ???? ? ???? ?? ???? ??????? ???.  ",Re'eh,488,9,Sacrifices,Pilgrimage Festival Sacrifice,Appointed Times
423,"Do not appear at the Temple during Passover, the Feast of Weeks, and the Feast of Tabernacles without offerings",N,DEU 16:16,"""Three times in a year all your males shall appear before the LORD your God in the place which He chooses, at the Feast of Unleavened Bread and at the Feast of Weeks and at the Feast of Booths, and they shall not appear before the LORD empty-handed.",  ???????? ????????? ?????????? ??????? ????????????? ?????????? ?????? ????????? ?????????? ?????? ??????? ?????? ?????????? ??????? ???????????? ??????? ?????????? ????? ??????? ?????????? ?????? ??????? ?,????? ??????? ??? ???????? ????????? ??? ????????? ??? ???????? ?????? ??? ???? ??? ?? ?? ???? ? ??? ????????? ????? ?????? ?? ?? ????? ??? ?????? ??? ?? ?? ????? ??? ????????? ??? ?? ?? ????? ??? ??????????? ??? ?????? ??????? ?????? ??? ???? ??? ?????,Re'eh,490,9,Sacrifices,Pilgrimage Festival Sacrifice,Appointed Times
424,"Do not refrain from rejoicing with, and giving gifts to, the Levites on the Pilgrimage Festivals",N,DEU 12:19,"""Be careful that you do not forsake the Levite as long as you live in your land.","?? ????????? ????, ????-???????? ???-????????, ????-???????, ???-??????????. {?}","19 ??????? ?????? ?? ??????????? ??? ??????? ????? ??? ??????, ???? ??? ??? ??? ??? ???.  ",Re'eh,450,9,Sacrifices,Pilgrimage Festival Sacrifice,Appointed Times
425,Assemble all the people on the Feast of Tabernacles following the seventh year,P,DEU 31:10,"Then Moses commanded them, saying, ""At the end of every seven years, at the time of the year of remission of debts, at the Feast of Booths,","? ??????? ??????, ?????? ??????: ?????? ?????? ???????, ???????? ?????? ????????????--?????? ??????????.",10 ??? ?????????? ?????? ?????? ?? ?? ????? ?????? ????? ???? ???? ??? ?? ????? ???????? ??????? ?? ????? ???????????  ,Vayelech,,9,Sacrifices,Pilgrimage Festival Sacrifice,Appointed Times
426,Set aside the firstborn animals ,P,EXO 13:12,"you shall devote to the LORD the first offspring of every womb, and the first offspring of every beast that you own; the males belong to the LORD.","?? ????????????? ???-??????-?????, ???????; ?????-?????? ?????? ????????, ?????? ??????? ???? ???????????--???????.","12 ??? ??????? ??? ????????? ??????, ?? ????????, ?? ?????? ??? ????????? ?????? ?? ??? ????????? ? ?? ???? ???????? ???, ??? ??? ??????? ???, ?? ????????, ???????? ?? ?????.  ",Bo,,9,Sacrifices,The Firstborn,Sacrifices and Offerings
427,The priests must not eat unblemished firstborn animals outside Jerusalem ,N,DEU 12:17,"""You are not allowed to eat within your gates the tithe of your grain or new wine or oil, or the firstborn of your herd or flock, or any of your votive offerings which you vow, or your freewill offerings, or the contribution of your hand.",  ?????????? ??????? ????????????? ???????? ????????? ???????????? ???????????? ????????? ????????? ????????? ??????????????? ?????? ??????? ????????????? ?????????? ??????? ?,?? ?????? ?????? ?? ???? ??????? ??? ?? ?????????? ??? ????? ??? ??? ??? ????? ??? ??? ??? ?????? ??? ?? ????????? ??? ???? ??? ??? ??? ???????? ??? ??? ????? ????? ???? ?? ??????? ??? ??? ????????? ???? ??? ??? ??????? ??? ?????? ????,Re'eh,445,7,Seeds,Second Tithe and Fruit of the Fourth Year,Terumah and Tithes
428,Do not redeem the firstborn animals ,N,NUM 18:17,"""But the firstborn of an ox or the firstborn of a sheep or the firstborn of a goat, you shall not redeem; they are holy. You shall sprinkle their blood on the altar and shall offer up their fat in smoke as an offering by fire, for a soothing aroma to the LORD.","?? ???? ???????-????? ???-?????? ??????? ???-?????? ???, ??? ????????--?????? ???: ???-?????? ???????? ???-????????????, ?????-???????? ?????????--??????? ??????? ???????, ???????.",17 ???? ????????? ?????? ??? ????????? ???????? ??? ????????? ????? ?? ???????? ???? ?????? ??? ?? ???? ????? ????????? ???? ?? ???????????? ??? ?? ????? ???????? ??????? ??? ????? ??????? ??????  ,Korach,393,9,Sacrifices,The Firstborn,Sacrifices and Offerings
429,Separate the tithe of animals ,P,LEV 27:32,"'For every tenth part of herd or flock, whatever passes under the rod, the tenth one shall be holy to the LORD.","?? ?????-???????? ?????? ??????, ???? ??????-??????? ?????? ?????????--???????????, ???????-??????? ???????.","32 ??? ???? ?????? ???? ??? ???????? ??? ???, ? ??? ???? ?? ?? ?????? ??? ??? ??????, ?? ??????? ????? ????? ?? ?????.  ",B'chukotai,360,9,Sacrifices,The Firstborn,Terumah and Tithes
430,Do not redeem the tithe,N,LEV 27:33,"He is not to be concerned whether it is good or bad, nor shall he exchange it; or if he does exchange it, then both it and its substitute shall become holy. It shall not be redeemed.'""","?? ??? ???????? ?????-???? ?????, ????? ???????????; ?????-????? ???????????, ???????-???? ???????????? ???????-??????? ??? ????????.","33 ??? ???????? ????? ??????? ??? ?? ???????? ??????? ????, ??? ?? ??????? ????? ????? ?????, ?? ????????????.  ",B'chukotai,361,9,Sacrifices,The Firstborn,Terumah and Tithes
431,Every person must bring a sin offering for his transgression ,P,LEV 4:27,"'Now if anyone of the common people sins unintentionally in doing any of the things which the LORD has commanded not to be done, and becomes guilty,","?? ?????-?????? ????? ???????? ??????????, ????? ???????: ???????????? ????? ??????????? ??????, ?????? ???-???????????--????????.","27 ??? ?? ???? ??? ?????? ???????? ?? ??? ???? ??? ??? ?? ?? ??????? ???? ??? ????? ??? ??????? ??????, ? ?? ???????????, ??? ??????????,  ",Vayikra,121,9,Sacrifices,Unintentional Sin,Sacrifices and Offerings
432,Bring an asham offering when uncertain of guilt ,P,LEV 5:17,"""Now if a person sins and does any of the things which the LORD has commanded not to be done, though he was unaware, still he is guilty and shall bear his punishment.","?? ?????-??????, ???? ???????, ?????????? ????? ??????-???????? ??????, ?????? ??? ???????????; ?????-????? ????????, ???????? ????????.","17 ??? ? ????, ? ?? ?????? ??? ?????? ???? ??? ????? ??? ??????? ??????, ?? ?? ??? ??????, ??? ??? ???? ??? ?????????? ??? ???? ??? ????????,  ",Vayikra,128,9,Sacrifices,Unintentional Sin,Sacrifices and Offerings
433,Bring an offering when guilt is determined for certain sins,P,LEV 6:6,"""Then he shall bring to the priest his guilt offering to the LORD, a ram without defect from the flock, according to your valuation, for a guilt offering,","?? ?????-???????? ??????, ???????, ????? ??????? ???-??????? ???????????? ????????, ???-????????.",(5:25) ??? ??? ??????????? ????? ????? ?? ????? ????? ??? ??? ???????? ?????? ????? ??? ? ???????????? ????.  ,Vayikra,129,9,Sacrifices,Unintentional Sin,Sacrifices and Offerings
434,Bring an offering in accordance with one's financial ability,P,LEV 5:7,"'But if he cannot afford a lamb, then he shall bring to the LORD his guilt offering for that in which he has sinned, two turtledoves or two young pigeons, one for a sin offering and the other for a burnt offering.","? ?????-??? ???????? ?????, ???? ????--???????? ???-???????? ?????? ????? ??????? ?????? ???-?????? ?????-??????, ???????: ????? ?????????, ??????? ???????.","7 ??? ?? ?? ?????? ? ???? ????? ?? ?????? ??? ?? ????????, ????? ???? ??? ???????? ?????, ?? ???????, ??? ???????? ? ??? ???????? ?????????? ?????, ??? ???? ???????? ??? ??? ??? ??????????.  ",Vayikra,123,9,Sacrifices,Unintentional Sin,Sacrifices and Offerings
435,The High Court must bring an offering when it rules in error ,P,LEV 4:13,"'Now if the whole congregation of Israel commits error and the matter escapes the notice of the assembly, and they commit any of the things which the LORD has commanded not to be done, and they become guilty;","?? ????? ????-????? ??????????, ?????????, ????????? ??????, ???????? ????????; ???????? ????? ??????-???????? ??????, ?????? ???-???????????--??????????.","13 ??? ?? ???? ???????? ?????? ??????? ???????? ??? ???? ???? ?? ???????? ??? ????????? ??? ????????? ???? ??? ????? ??? ??????? ??????, ? ?? ???????????, ??? ?????????????,  ",Vayikra,120,9,Sacrifices,Unintentional Sin,Sacrifices and Offerings
436,A woman who had a running vaginal issue must bring an offering in the Temple after she immerses in water,P,LEV 15:28,"'When she becomes clean from her discharge, she shall count off for herself seven days; and afterward she will be clean.","?? ?????-???????, ??????????--????????? ????? ???????? ??????, ??????? ????????.","28 ??? ?? ????????? ??? ??? ??????, ??? ????????????? ???? ???? ?????? ??? ???? ????? ??????????????.  ",Metzorah,183,9,Sacrifices,Those with Incomplete Atonement,Sacrifices and Offerings
437,A woman who gave birth must bring an offering after she immerses in water,P,LEV 12:6,"'When the days of her purification are completed, for a son or for a daughter, she shall bring to the priest at the doorway of the tent of meeting a one year old lamb for a burnt offering and a young pigeon or a turtledove for a sin offering.","? ?????????? ????? ????????, ????? ??? ?????, ??????? ??????? ????-???????? ???????, ?????-?????? ???-??? ?????????--???-?????? ?????-??????, ???-????????.","6 ??? ???? ????????????? ?? ?????? ????????? ????? ??? ??? ? ??? ???????, ????????? ????? ????????? ?????? ??? ?????????? ??? ??????? ?????????? ? ??????? ???? ???????? ??? ??? ????? ??? ?????? ??? ????????? ???? ??? ?????,  ",Tazria,168,9,Sacrifices,Those with Incomplete Atonement,Sacrifices and Offerings
438,A man who had a running unnatural urinary issue must bring an offering in the Temple after he immerses in water,P,LEV 15:13,"'Now when the man with the discharge becomes cleansed from his discharge, then he shall count off for himself seven days for his cleansing; he shall then wash his clothes and bathe his body in running water and will become clean.","?? ?????-??????? ??????, ?????????--??????? ??? ???????? ?????? ???????????, ???????? ?????????; ??????? ????????? ???????? ???????, ???????.","13 ??? ?? ????????? ? ????????? ?? ??? ?????? ?????, ??? ????????????? ???? ???? ?????? ??? ??? ?????????? ??? ?????? ?? ?????? ????? ??? ???????? ?? ???? ????? ??? ??????? ?????.  ",Metzorah,178,9,Sacrifices,Those with Incomplete Atonement,Sacrifices and Offerings
439,An leprous person must bring an offering after immersing in water,P,LEV 14:10,"""Now on the eighth day he is to take two male lambs without defect, and a yearling ewe lamb without defect, and three-tenths of an ephah of fine flour mixed with oil for a grain offering, and one log of oil;","? ????????? ????????????, ?????? ??????-????????? ?????????, ?????????? ????? ????-?????????, ?????????; ??????????? ???????????, ????? ??????? ????????? ?????????, ????? ?????, ??????.","10 ??? ?? ????? ?? ????? ???????? ??? ?????? ?????????? ??????? ??? ???????? ????????? ?????? ??? ???? ?????? ?????????? ??? ?????? ??????????? ?? ????? ??? ??????? ?????? ????,  ",Metzorah,175,9,Sacrifices,Those with Incomplete Atonement,Sacrifices and Offerings
440,Do not substitute another beast for one set apart for sacrifice ,N,LEV 27:10,"'He shall not replace it or exchange it, a good for a bad, or a bad for a good; or if he does exchange animal for animal, then both it and its substitute shall become holy.","? ??? ?????????????, ?????-?????? ????? ???? ??????--???-??? ???????; ?????-????? ?????? ???????? ??????????, ???????-???? ???????????? ???????-???????.","10 ??? ??????? ???? ????? ?????? ???? ??????? ????? ??? ?? ???????? ?????? ???? ?????? ??????, ????? ???? ??? ?? ??????? ????.  ",B'chukotai,351,9,Sacrifices,Substitution for Consecrated Animals,Sacrifices and Offerings
441,Both an animal offered as a substitution as well as an animal set apart for sacrifice retain their consecration ,P,LEV 27:10,"'He shall not replace it or exchange it, a good for a bad, or a bad for a good; or if he does exchange animal for animal, then both it and its substitute shall become holy.",  ??? ????????????? ???????????? ????? ???? ?????? ??????? ??????? ??????????? ?????? ???????? ?????????? ???????????? ???????????? ???????????????? ?,??? ??????? ???? ????? ?????? ???? ??????? ???? ??? ?? ???????? ?????? ???? ?????? ?????? ????? ???? ??? ?? ??????? ????,B'chukotai,352,9,Sacrifices,Substitution for Consecrated Animals,Sacrifices and Offerings
442,Do not change consecrated animals from one type of offering to another ,N,LEV 27:26,"'However, a firstborn among animals, which as a firstborn belongs to the LORD, no man may consecrate it; whether ox or sheep, it is the LORD'S.","?? ????-??????? ??????-???????? ???????, ??????????--???-?????????? ?????, ?????: ???-????? ???-????, ??????? ????.","26 ??? ??? ??????????, ? ?? ??????? ?? ???? ???????? ???, ????? ?? ?????, ??? ?? ?????????? ?????? ????? ??? ?? ?????? ??? ?? ????????, ?? ????? ?????.  ",B'chukotai,356,9,Sacrifices,Substitution for Consecrated Animals,Sacrifices and Offerings
443,Carry out the laws of impurity of the dead ,P,NUM 19:14,'This is the law when a man dies in a tent: everyone who comes into the tent and everyone who is in the tent shall be unclean for seven days.,"?? ????, ?????????, ?????, ????-?????? ????????: ????-?????? ???-??????? ?????-?????? ????????, ??????? ???????? ??????.","14 ??? ????? ? ?????? ???????? ??? ??????? ?? ?????, ??? ? ?????????????? ??? ??? ?????? ??? ??? ????? ?? ?? ?????, ???????? ????? ???? ???????  ",Chukat,398,10,Ritual Purity,Uncleanness from a Corpse,Ritual Purity and Impurity
444,Carry out the procedure of the Red Heifer,P,NUM 19:2,"""This is the statute of the law which the LORD has commanded, saying, 'Speak to the sons of Israel that they bring you an unblemished red heifer in which is no defect and on which a yoke has never been placed.","? ???? ?????? ?????????, ??????-?????? ?????? ??????: ??????? ???-?????? ??????????, ????????? ??????? ????? ???????? ????????? ?????? ????-????? ????, ?????? ???-????? ???????, ???.","2 ???? ? ???????? ??? ?????, ??? ????????? ?????? ????? ??????? ???? ????? ?????? ??? ????????? ???? ?? ??????? ?????? ??????, ???? ??? ???? ?? ???? ????? ??? ? ??? ???????? ??? ????? ?????.  ",Chukat,397,10,Ritual Purity,The Red Heifer,Ritual Purity and Impurity
445,Carry out the laws of the sprinkling water ,P,NUM 19:21,"'So it shall be a perpetual statute for them. And he who sprinkles the water for impurity shall wash his clothes, and he who touches the water for impurity shall be unclean until evening.","?? ????????? ?????, ???????? ??????; ???????? ???-?????????, ???????? ?????????, ??????????? ?????? ?????????, ??????? ???-???????.","21 ??? ????? ???? ??????? ???????? ??? ? ??????????? ???? ????????? ?????? ?? ?????? ?????, ??? ? ????????? ??? ?????? ??? ????????? ????????? ????? ??? ????????  ",Chukat,399,10,Ritual Purity,The Red Heifer,Ritual Purity and Impurity
446,Follow the commandments of human leprosy as prescribed in the Law ,P,LEV 13:12,"""If the leprosy breaks out farther on the skin, and the leprosy covers all the skin of him who has the infection from his head even to his feet, as far as the priest can see,","?? ?????-???????? ???????? ??????????, ???????, ?????????? ?????????? ??? ????-???? ????????, ????????? ?????-????????--?????-???????, ?????? ????????.","12 ??? ?? ????????? ???????? ? ????? ?? ?? ???????, ??? ?????? ? ????? ??? ?? ????? ??? ???? ??? ??????? ??? ????? ???? ???? ??? ?????? ??? ??????,  ",Tazria,169,10,Ritual Purity,Uncleanness from Leprosy,Ritual Purity and Impurity
447,The unclean person must not remove his signs of impurity ,N,DEU 24:8,"""Be careful against an infection of leprosy, that you diligently observe and do according to all that the Levitical priests teach you; as I have commanded them, so you shall be careful to do.","? ????????? ????????-?????????? ???????? ?????, ???????????: ?????? ??????-?????? ??????? ??????????? ??????????, ????????? ?????????--??????????? ?????????.","8 ??????? ?????? ?? ?? ??? ??? ??????? ?????? ?????? ?????? ???? ????? ??? ?????, ?? ??? ???????????? ???? ?? ?????? ?? ???????? ?? ?????? ??????????? ????, ????????? ??????.  ",Ki Tetze,,10,Ritual Purity,Uncleanness from Leprosy,Ritual Purity and Impurity
448,The leprous person must not shave signs of impurity in his hair ,N,LEV 13:33,"then he shall shave himself, but he shall not shave the scale; and the priest shall isolate the person with the scale seven more days.","?? ?????????????--?????-????????, ??? ?????????; ??????????? ???????? ???-???????? ???????? ??????, ???????.","33 ??? ??????????? ?? ?????, ?? ?? ??????? ?? ???????????, ??? ??????? ? ?????? ?? ??????? ???? ?????? ?? ????????.  ",Tazria,170,10,Ritual Purity,Uncleanness from Leprosy,Ritual Purity and Impurity
449,"The leprous person must publicize his condition by tearing his garments, allowing his hair to grow and covering his lips ",P,LEV 13:45,"""As for the leper who has the infection, his clothes shall be torn, and the hair of his head shall be uncovered, and he shall cover his mustache and cry, 'Unclean! Unclean!'","?? ???????????? ??????-???? ????????, ????????? ??????? ???????? ????????? ??????? ???????, ?????-??????, ???????; ??????? ?????, ???????.","45 ??? ? ??????, ?? ? ????? ? ???, ?? ?????? ????? ???? ???????????? ??? ? ?????? ????? ?????????????, ??? ???? ?? ????? ????? ??????????? ??? ????????? ???????????  ",Tazria,171,10,Ritual Purity,Uncleanness from Leprosy,Ritual Purity and Impurity
450,Carry out the prescribed rules for purifying the leprous person ,P,LEV 14:2,"""This shall be the law of the leper in the day of his cleansing. Now he shall be brought to the priest,","? ???? ???????? ??????? ??????????, ??????? ?????????: ????????, ???-????????.","2 ????? ? ????? ??? ??????, ? ?? ????? ?????????? ??? ????????????? ???? ??? ?????,  ",Metzorah,173,10,Ritual Purity,Uncleanness from Leprosy,Ritual Purity and Impurity
451,The leprous person must shave off all his hair prior to purification ,P,LEV 14:9,"""It will be on the seventh day that he shall shave off all his hair: he shall shave his head and his beard and his eyebrows, even all his hair. He shall then wash his clothes and bathe his body in water and be clean.","? ??????? ??????? ???????????? ???????? ???-????-????????, ???-??????? ?????-??????? ????? ??????? ???????, ?????-????-????????, ?????????; ???????? ???-?????????, ??????? ???-????????? ?????????--???????.","9 ??? ????? ?? ????? ?? ?????? ??????????? ????? ??? ????? ?????, ??? ??????? ????? ??? ??? ?????? ??? ??? ?????? ??? ????? ??? ????? ????? ???????????? ??? ?????? ?? ?????? ??? ???????? ?? ???? ????? ????? ??? ??????? ?????. --  ",Metzorah,174,10,Ritual Purity,Uncleanness from Leprosy,Ritual Purity and Impurity
452,Carry out the laws of leprous clothing ,P,LEV 13:47,"""When a garment has a mark of leprosy in it, whether it is a wool garment or a linen garment,","?? ??????????, ????-??????? ??? ????? ???????: ???????? ?????, ??? ???????? ???????????.","47 ??? ?????? ??? ??????? ?? ???? ??? ??????, ?? ?????? ???? ? ?? ?????? ?????????,  ",Tazria,172,10,Ritual Purity,Uncleanness from Leprosy,Ritual Purity and Impurity
453,Carry out the laws of leprous houses ,P,LEV 14:34,"""When you enter the land of Canaan, which I give you for a possession, and I put a mark of leprosy on a house in the land of your possession,","?? ???? ??????? ???-????? ????????, ?????? ????? ????? ????? ??????????; ?????????? ????? ???????, ??????? ????? ????????????.","34 ?? ?? ????????? ??? ??? ??? ??? ?????????, ?? ??? ?????? ???? ?? ??????, ??? ???? ???? ?????? ?? ???? ??????? ??? ??? ??? ???????? ????,  ",Metzorah,177,10,Ritual Purity,Uncleanness from Leprosy,Ritual Purity and Impurity
454,Observe the laws of menstrual impurity ,P,LEV 15:19,"When a woman has a discharge, if her discharge in her body is blood, she shall continue in her menstrual impurity for seven days; and whoever touches her shall be unclean until evening.","?? ????????? ????-??????? ?????, ???? ??????? ?????? ????????????--???????? ?????? ???????? ???????????, ?????-????????? ????? ??????? ???-???????.","19 ??? ????, ???? ??? ? ?????? ??????, ????? ? ????? ????? ?? ?? ?????? ?????, ???? ?????? ????? ?? ?? ?????? ?????? ??? ? ????????? ????? ????????? ????? ??? ???????,  ",Metzorah,181,10,Ritual Purity,Uncleanness of a Bed or Seat,Ritual Purity and Impurity
455,Observe the laws of impurity caused by childbirth ,P,LEV 12:2,"""Speak to the sons of Israel, saying: 'When a woman gives birth and bears a male child, then she shall be unclean for seven days, as in the days of her menstruation she shall be unclean.","? ??????? ???-?????? ??????????, ??????, ??????? ???? ?????????, ????????? ?????--????????? ???????? ??????, ??????? ?????? ?????????? ????????.","2 ??????? ???? ????? ?????? ??? ????? ???? ?????? ????, ???? ??? ??????????? ??? ???? ?????, ??? ????????? ????? ???? ??????, ???? ??? ?????? ??? ???????? ??? ??????? ????? ????????? ??????  ",Tazria,166,10,Ritual Purity,Uncleanness of a Bed or Seat,Ritual Purity and Impurity
456,Observe the laws of impurity caused by a woman's running issue ,P,LEV 15:25,"'Now if a woman has a discharge of her blood many days, not at the period of her menstrual impurity, or if she has a discharge beyond that period, all the days of her impure discharge she shall continue as though in her menstrual impurity; she is unclean.","?? ????????? ????-?????? ???? ??????? ?????? ???????, ?????? ???-?????????, ??? ???-??????, ???-?????????: ????-????? ???? ??????????, ??????? ????????? ????????--??????? ????.","25 ??? ????, ??? ??? ????? ??????? ?????? ??????? ??? ?? ????? ??? ??????? ?????, ??? ??? ??? ???? ??? ??????? ?????, ????? ?? ?????? ?????? ?????????? ????? ??????? ?? ?????? ??? ???????, ????????? ?????.  ",Metzorah,182,10,Ritual Purity,Uncleanness of a Bed or Seat,Ritual Purity and Impurity
457,Observe the laws of impurity caused by a man's running issue,P,LEV 15:3,"'This, moreover, shall be his uncleanness in his discharge: it is his uncleanness whether his body allows its discharge to flow or whether his body obstructs its discharge.","? ?????? ???????? ?????????, ?????????: ??? ????????? ???-??????, ???-????????? ????????? ?????????--?????????, ????.","3 ??? ????? ? ????? ??? ?????????? ?????? ???? ????? ?? ??????? ????? ?? ??? ??????, ?? ?????????? ?? ???? ????? ??? ??? ??????, ???? ? ????????? ????? ?? ????? ????? ?? ?????? ?????? ??????? ?????, ? ?????????? ?? ???? ????? ??? ??? ??????, ????????? ????? ?????.  ",Metzorah,176,10,Ritual Purity,Uncleanness of a Bed or Seat,Ritual Purity and Impurity
458,Observe the laws of impurity caused by a dead beast ,P,LEV 11:39,"'Also if one of the animals dies which you have for food, the one who touches its carcass becomes unclean until evening.","?? ????? ?????? ???-??????????, ??????-???? ????? ?????????--????????? ?????????????, ??????? ???-???????.","39 ??? ?? ??????? ??? ?????? ? ????? ???? ????? ??????, ? ????????? ??? ?????????? ????? ????????? ????? ??? ????????  ",Shemini,161,10,Ritual Purity,Other Sources of Uncleanness,Ritual Purity and Impurity
459,Observe the laws of impurity caused by the eight listed creatures,P,LEV 11:29,"'Now these are to you the unclean among the swarming things which swarm on the earth: the mole, and the mouse, and the great lizard in its kinds,","?? ????? ????? ????????, ?????????? ????????? ???-???????: ??????? ????????????, ???????? ??????????.","29 ??? ????? ???? ???????? ??? ??? ??????? ??? ???????? ??? ??? ???? ? ???? ??? ? ??? ??? ? ??????????? ? ????????,  ",Shemini,159,10,Ritual Purity,Other Sources of Uncleanness,Ritual Purity and Impurity
460,Observe the laws of impurity of a seminal emission,P,LEV 15:16,"'Now if a man has a seminal emission, he shall bathe all his body in water and be unclean until evening.","?? ???????, ????-????? ????????? ????????-?????--??????? ????????? ???-????-?????????, ??????? ???-???????.","16 ??? ????????, ? ??? ?????? ?? ????? ????? ?????????, ??? ???????? ????? ??? ?? ???? ????? ??? ????????? ????? ??? ????????  ",Metzorah,179,10,Ritual Purity,Other Sources of Uncleanness,Ritual Purity and Impurity
461,Observe the laws of impurity concerning liquid and solid foods ,P,LEV 11:34,"'Any of the food which may be eaten, on which water comes, shall become unclean, and any liquid which may be drunk in every vessel shall become unclean.","?? ??????-??????? ?????? ???????, ?????? ?????? ?????? ?????--???????; ?????-???????? ?????? ?????????, ??????-?????? ???????.","34 ??? ??? ?????, ? ???????, ??? ? ??? ?????? ??? ???? ????, ????????? ?????? ??? ??? ?????, ? ??????? ?? ????? ??????, ????????? ?????.  ",Shemini,160,10,Ritual Purity,Uncleanness of Foods,Ritual Purity and Impurity
462,Every impure person must immerse himself in water to become pure ,P,LEV 15:16,"'Now if a man has a seminal emission, he shall bathe all his body in water and be unclean until evening.",  ??????? ?????????? ????????? ?????????????? ??????? ????????? ?????????????????? ??????? ???????????? ?,??? ???????? ? ??? ?????? ?? ????? ????? ????????? ??? ???????? ????? ??? ?? ???? ????? ??? ????????? ????? ??? ???????,Metzorah,,10,Ritual Purity,Other Sources of Uncleanness,Ritual Purity and Impurity
463,The court must judge the damages incurred by a goring ox ,P,EXO 21:28,"""If an ox gores a man or a woman to death, the ox shall surely be stoned and its flesh shall not be eaten; but the owner of the ox shall go unpunished.","?? ?????-?????? ????? ???-????? ??? ???-???????, ?????--?????? ???????? ????????, ????? ??????? ???-?????????, ??????? ????????, ?????.","28 ??? ?? ???????? ?????? ????? ? ???????, ??? ???????, ?????? ??????????????? ? ??????, ??? ?? ?????????? ?? ???? ?????? ? ?? ?????? ??? ?????? ????? ?????.  ",Mishpatim,51,5,Holiness,Forbidden Foods,Food
464,The court must judge the damages incurred by an animal eating ,P,EXO 22:5,"""If a man lets a field or vineyard be grazed bare and lets his animal loose so that it grazes in another man's field, he shall make restitution from the best of his own field and the best of his own vineyard.","? ???? ???????-?????, ?????? ???-?????, ????????? ???-?????????, ??????? ????????? ?????--?????? ???????? ???????? ????????, ?????????. {?}","5 (22:4) ??? ?? ??????????? ??? ????? ? ???????? ??? ??? ?? ?????? ????? ???????????? ????? ??????, ????????? ?? ??? ????? ????? ???? ?? ?????? ?????? ??? ?? ????? ??? ????? ???????????, ?? ???????? ??? ????? ????? ??? ?? ???????? ??? ????????? ????? ?????????. --  ",Mishpatim,55,11,Injuries,Injury to Property,"Courts, Crimes, and Punishments"
465,The court must judge the damages incurred by a pit ,P,EXO 21:33,"""If a man opens a pit, or digs a pit and does not cover it over, and an ox or a donkey falls into it,","?? ?????-???????? ????? ?????, ??? ????-??????? ????? ????--????? ???????????; ???????-??????? ??????, ??? ??????.","33 ??? ?? ??? ?????? ?????? ? ???????? ?????? ??? ?? ?????? ?????, ??? ?????? ???? ?????? ? ????,  ",Mishpatim,53,11,Injuries,Injury to Property,"Courts, Crimes, and Punishments"
466,The court must judge the damages incurred by fire ,P,EXO 22:6,"""If a fire breaks out and spreads to thorn bushes, so that stacked grain or the standing grain or the field itself is consumed, he who started the fire shall surely make restitution.","? ????-????? ???? ????????? ??????, ????????? ????????, ??? ????????, ??? ?????????--??????? ?????????, ?????????? ???-??????????. {?}","6 (22:5) ??? ?? ??????? ??? ???? ??????? ??? ??????????? ????? ? ?????? ? ??????, ????????? ? ?? ??? ????????. --  ",Mishpatim,56,11,Injuries,Injury to Property,"Courts, Crimes, and Punishments"
467,Do not steal money by lying,N,LEV 19:11,"'You shall not steal, nor deal falsely, nor lie to one another.","?? ???, ??????????; ?????-?????????? ?????-???????????, ????? ???????????.",11 ?? ???????. ?? ????????. ?? ???????????? ??????? ??? ???????.  ,Kedoshim,224,6,Promises,Oaths,Oaths
468,The court must implement punitive measures against a thief ,P,EXO 22:1,"""If a man steals an ox or a sheep and slaughters it or sells it, he shall pay five oxen for the ox and four sheep for the sheep.","?? ???? ???????-????? ????? ???-????, ????????? ??? ???????--????????? ?????, ????????? ?????? ????????, ??????????-????, ?????? ???????.","1 (21:37) ??? ?? ??? ????? ?????? ? ???????? ??? ????? ???? ? ????????, ????? ??????? ????????? ???? ??? ?????? ??? ??????? ??????? ???? ??? ????????.  ",Mishpatim,54,11,Injuries,Theft,"Courts, Crimes, and Punishments"
469,Each individual must ensure that his scales and weights are accurate ,P,LEV 19:36,"'You shall have just balances, just weights, a just ephah, and a just hin; I am the LORD your God, who brought you out from the land of Egypt.","?? ???????? ????? ???????-?????, ?????? ????? ?????? ?????--??????? ?????: ????? ?????? ??????????, ??????-????????? ??????? ??????? ?????????.",36 ???? ?????? ??? ??????? ?????? ??? ???? ??????? ????? ????? ??? ???? ?????? ? ???? ???? ? ???????? ???? ?? ??? ????????.  ,Kedoshim,259,11,Injuries,Theft,"Courts, Crimes, and Punishments"
470,Do not commit injustice with scales and weights ,N,LEV 19:35,"'You shall do no wrong in judgment, in measurement of weight, or capacity.","?? ???-???????? ?????, ?????????????, ??????????, ???????????? ??????????????.",35 ?? ???????? ?????? ?? ?????? ?? ??????? ??? ?? ????????? ??? ?? ???????  ,Kedoshim,258,11,Injuries,Theft,"Courts, Crimes, and Punishments"
471,Do not possess inaccurate scales and weights even if they are not for use ,N,DEU 25:13,"""You shall not have in your bag differing weights, a large and a small.","?? ???-??????? ???? ??????????, ????? ???????: ?????????, ??????????.","13 ??? ????? ?? ?? ???????? ??? ???????? ??? ????????, ???? ? ???????  ",Ki Tetze,,11,Injuries,Theft,"Courts, Crimes, and Punishments"
472,Do not move a boundary marker to steal someone's property ,N,DEU 19:14,"""You shall not move your neighbor's boundary mark, which the ancestors have set, in your inheritance which you will inherit in the land that the LORD your God gives you to possess.","?? ??? ??????? ??????? ??????, ?????? ???????? ??????????--?????????????, ?????? ????????, ????????, ?????? ?????? ????????? ????? ???? ????????????. {?}","14 ?? ???????????? ???? ??? ??????? ???, ? ??????? ?? ??????? ??? ?? ?? ?????????? ???, ? ???????????????? ?? ?? ??, ? ?????? ? ???? ??? ??????? ??? ?? ?????.  ",Shoftim,522,11,Injuries,Theft,"Courts, Crimes, and Punishments"
473,Do not kidnap ,N,EXO 20:15,"""You shall not steal."," ??? ???????, {?}",15 ?? ?????????. --  ,Yitro,36,11,Injuries,Theft,"Courts, Crimes, and Punishments"
474,Do not rob ,N,LEV 19:13,"You shall not oppress your neighbor, nor rob him. The wages of a hired man are not to remain with you all night until morning.","?? ???-???????? ???-??????, ????? ???????; ???-?????? ????????? ???????, ???????--???-??????.","13 ??? ????????? ??? ??????? ??? ??? ????????, ??? ?? ?? ???????????? ? ?????? ??? ???????? ???? ??? ??? ????.  ",Kedoshim,229,11,Injuries,Robbery and Lost Property,"Courts, Crimes, and Punishments"
475,Do not withhold wages or fail to repay a debt ,N,LEV 19:13,"You shall not oppress your neighbor, nor rob him. The wages of a hired man are not to remain with you all night until morning.",  ???????????? ?????????? ????? ??????? ?????????? ????????? ??????? ??????? ??????????? ?,??? ????????? ??? ??????? ??? ??? ???????? ??? ?? ?? ???????????? ? ?????? ??? ???????? ???? ??? ??? ????,Kedoshim,228,11,Injuries,Robbery and Lost Property,"Courts, Crimes, and Punishments"
476,Do not covet and scheme to acquire another's possession ,N,EXO 20:17,"""You shall not covet your neighbor's house; you shall not covet your neighbor's wife or his male servant or his female servant or his ox or his donkey or anything that belongs to your neighbor.""","?? ??? ???????, ????? ??????; {?} ???-??????? ?????? ??????, ?????????? ????????? ????????? ?????????, ?????, ?????? ????????. {?}",17 ??? ??????????? ??? ??????? ??? ??????? ???. ??? ??????????? ??? ?????? ??? ??????? ??? ???? ??? ????? ????? ???? ??? ????? ????? ???? ??? ????????? ????? ???? ??? ???? ????? ???? ??? ????????? ????? ???? ?????? ??????? ????? ???? ??? ?? ??????? ??? ?????.  ,Yitro,38,11,Injuries,Robbery and Lost Property,"Courts, Crimes, and Punishments"
477,Do not desire another's possession ,N,DEU 5:18,'You shall not commit adultery., ????? ???????; {?},18 ?? ?????????. --  ,Vaet Chanan,416,11,Injuries,Robbery and Lost Property,Morality
478,Return a stolen object or its value,P,LEV 6:5,or anything about which he swore falsely; he shall make restitution for it in full and add to it one-fifth more. He shall give it to the one to whom it belongs on the day he presents his guilt offering.,"?? ??? ?????? ??????-????????? ??????, ?????????--????????? ????? ??????????, ????????????? ????? ??????: ???????? ???? ??? ???????????, ??????? ??????????.","(5:24) ??? ?????? ?????????, ?? ?????? ???? ????? ??????, ??? ????????? ???? ?? ????????? ??? ?? ??????? ????????? ??? ????? ????? ?????, ???? ???????? ? ????? ???????.  ",Vayikra,130,11,Injuries,Robbery and Lost Property,Morality
479,Do not ignore a lost object ,N,DEU 22:3,"""Thus you shall do with his donkey, and you shall do the same with his garment, and you shall do likewise with anything lost by your countryman, which he has lost and you have found. You are not allowed to neglect them.","? ????? ????????? ?????????, ????? ????????? ????????????, ????? ????????? ?????-??????? ??????? ??????-??????? ?????????, ???????????: ??? ??????, ????????????. {?}","3 ????? ???????? ??? ???? ????? ??? ????? ???????? ?? ??????? ????? ??? ????? ???????? ???? ????? ???????? ??? ??????? ???, ??? ??? ???????? ???? ????? ??? ?????? ?? ?????? ?????????. --  ",Ki Tetze,539,11,Injuries,Robbery and Lost Property,Morality
480,Return the lost object ,P,DEU 22:1,"""You shall not see your countryman's ox or his sheep straying away, and pay no attention to them; you shall certainly bring them back to your countryman.","? ???-??????? ???-????? ??????? ??? ???-??????, ?????????, ????????????????, ?????: ?????? ??????????, ?????????.",1 ?? ???? ??? ?????? ??? ??????? ??? ? ?? ???????? ????? ????????? ?? ?? ??? ???????? ????? ????????? ??????????? ???? ?? ?????? ??? ??? ????????? ????.  ,Ki Tetze,538,11,Injuries,Robbery and Lost Property,Morality
481,The court must implement laws against the one who assaults another or damages another's property ,P,EXO 21:18,"""If men have a quarrel and one strikes the other with a stone or with his fist, and he does not die but remains in bed,","?? ?????-???????? ?????????--????????-????? ???-???????, ???????? ??? ?????????; ????? ??????, ??????? ???????????.","18 ??? ?? ??????????? ??? ?????? ??? ?????? ??? ??? ??????? ???? ? ?????, ??? ?? ???????, ????????? ?? ??? ??? ??????,  ",Mishpatim,,11,Injuries,One Who Injured Person or Property,"Courts, Crimes, and Punishments"
482,Do not murder ,N,EXO 20:13,"""You shall not murder.","?? ??? ???????, {?}",13 ?? ??????????. --  ,Yitro,34,11,Injuries,A Murder and the Preservation of Life,"Courts, Crimes, and Punishments"
483,Do not accept monetary restitution to atone for a murderer ,N,NUM 35:31,"'Moreover, you shall not take ransom for the life of a murderer who is guilty of death, but he shall surely be put to death.","?? ?????-??????? ????? ???????? ??????, ??????-???? ?????? ??????: ????-????, ??????.",31 ??? ?? ???????? ????? ???? ????? ???? ??? ??????????? ??? ?????? ????? ???????????? ?????? ??? ?????????????.  ,Masei,412,11,Injuries,A Murder and the Preservation of Life,"Courts, Crimes, and Punishments"
484,The court must send the accidental murderer to a city of refuge ,P,NUM 35:25,"'The congregation shall deliver the manslayer from the hand of the blood avenger, and the congregation shall restore him to his city of refuge to which he fled; and he shall live in it until the death of the high priest who was anointed with the holy oil.","?? ??????????? ??????? ???-????????, ?????? ?????? ??????, ??????????? ????? ???????, ???-???? ????????? ??????-??? ???????; ???????? ?????, ???-???? ???????? ????????, ??????-?????? ?????, ????????? ?????????.","25 ??? ????????? ? ???????? ??? ?????????? ??? ??? ????????????? ?? ????, ??? ???????????????? ????? ? ???????? ??? ??? ????? ??? ????????????? ?????, ?? ?????????, ??? ?????????? ????, ??? ?? ??????? ? ?????? ? ?????, ?? ??????? ????? ?? ????? ?? ????.  ",Masei,410,11,Injuries,A Murder and the Preservation of Life,"Courts, Crimes, and Punishments"
485,Do not accept monetary restitution instead of being sent to a city of refuge ,N,NUM 35:32,"'You shall not take ransom for him who has fled to his city of refuge, that he may return to live in the land before the death of the priest.","?? ?????-??????? ?????, ?????? ???-???? ?????????, ??????? ???????? ????????, ???-???? ????????.","32 ?? ???????? ????? ??? ?????? ??? ????? ??? ????????????? ??? ????? ????????? ??? ??? ???, ??? ?? ??????? ? ?????? ? ?????.  ",Masei,413,11,Injuries,A Murder and the Preservation of Life,"Courts, Crimes, and Punishments"
486,Do not kill a murderer before he stands trial ,N,NUM 35:12,"'The cities shall be to you as a refuge from the avenger, so that the manslayer will not die until he stands before the congregation for trial.","?? ??????? ????? ???????? ?????????, ????????; ????? ?????? ????????, ???-??????? ??????? ??????? ????????????.","12 ??? ??????? ?? ?????? ???? ???????????? ??? ????????????? ?? ????, ??? ?? ?? ??????? ? ???????, ??? ?? ??? ?????? ??? ????????? ??? ??????.  ",Masei,409,11,Injuries,A Murder and the Preservation of Life,"Courts, Crimes, and Punishments"
487,Save someone from being killed by a blood avenger even by taking the life of the pursuer ,P,DEU 25:12,then you shall cut off her hand; you shall not show pity.,"?? ??????????, ???-????????: ??? ??????, ???????. {?}",12 ????????? ??? ????? ?????? ?? ???????? ? ???????? ??? ??? ????.  ,Ki Tetze,,11,Injuries,A Murder and the Preservation of Life,"Courts, Crimes, and Punishments"
488,Do not pity a person who pursues an individual accused of murder,N,NUM 35:12,"'The cities shall be to you as a refuge from the avenger, so that the manslayer will not die until he stands before the congregation for trial.",  ??????? ????? ???????? ????????? ???????? ????? ?????? ???????? ??????????? ??????? ??????? ????????????? ?,??? ??????? ?? ?????? ???? ???????????? ??? ????????????? ?? ???? ??? ?? ?? ??????? ? ??????? ??? ?? ??? ?????? ??? ????????? ??? ??????,Masei,,11,Injuries,A Murder and the Preservation of Life,"Courts, Crimes, and Punishments"
489,Do not stand idly by if someone's life is in danger ,N,LEV 19:16,"'You shall not go about as a slanderer among your people, and you are not to act against the life of your neighbor; I am the LORD.",  ?????????? ?????? ??????????? ??? ??????? ???????? ?????? ????? ??????? ?,?? ??????? ???? ?? ?? ????? ??? ??? ?????????? ??' ???? ??? ??????? ??? ??? ???? ?????? ? ???? ????,Kedoshim,237,1,Knowledge,Personal Development,Love
490,Designate cities of refuge and prepare routes of access ,P,DEU 19:3,"""You shall prepare the roads for yourself, and divide into three parts the territory of your land which the LORD your God will give you as a possession, so that any manslayer may flee there.","? ??????? ????, ?????????, ?????????????? ???-??????? ????????, ?????? ??????????? ?????? ?????????; ???????, ?????? ??????? ????-??????.","3 ???????? ??? ??? ???? ??? ?????????? ?? ???? ??? ??? ???, ?? ??????????? ??? ?????? ? ???? ???, ??? ????? ???????? ???? ????? ???????.  ",Shoftim,520,11,Injuries,A Murder and the Preservation of Life,"Courts, Crimes, and Punishments"
491,Break the neck of a calf by the river valley following an unsolved murder ,P,DEU 21:4,"and the elders of that city shall bring the heifer down to a valley with running water, which has not been plowed or sown, and shall break the heifer's neck there in the valley.","? ?????????? ??????? ?????? ?????? ???-?????????, ???-????? ??????, ?????? ???-??????? ????, ????? ?????????; ?????????-???? ???-?????????, ?????????.","4 ??? ?????????????? ? ???????? ??? ?????? ??????? ??? ??????? ??? ??????? ????????, ???? ??? ????????? ???? ?????????, ??? ??????????????? ??? ??????? ?? ?? ???????.  ",Shoftim,530,11,Injuries,A Murder and the Preservation of Life,"Courts, Crimes, and Punishments"
492,Do not work nor plant the river valley where an unsolved murder occurred ,N,DEU 21:4,"and the elders of that city shall bring the heifer down to a valley with running water, which has not been plowed or sown, and shall break the heifer's neck there in the valley.",  ?????????? ??????? ?????? ?????? ????????????? ????????? ?????? ?????? ??????????? ???? ????? ????????? ?????????????? ????????????? ?????????? ?,??? ?????????????? ? ???????? ??? ?????? ??????? ??? ??????? ??? ??????? ???????? ???? ??? ????????? ???? ????????? ??? ??????????????? ??? ??????? ?? ?? ???????,Shoftim,531,11,Injuries,A Murder and the Preservation of Life,"Courts, Crimes, and Punishments"
493,Do not allow pitfalls and obstacles to remain on your property ,N,DEU 22:8,"""When you build a new house, you shall make a parapet for your roof, so that you will not bring bloodguilt on your house if anyone falls from it.","? ???? ??????? ?????? ??????, ?????????? ??????? ?????????; ?????-??????? ??????? ??????????, ????-?????? ???????? ?????????.","8 ??? ?? ??????????? ?????? ??????, ??? ???????? ???????? ?? ?????? ???? ??? ?? ???????? ????? ?? ?? ????? ???, ??? ???? ? ????? ??? ?????.  ",Ki Tetze,547,11,Injuries,A Murder and the Preservation of Life,"Courts, Crimes, and Punishments"
494,Make a guard rail around flat roofs ,P,DEU 22:8,"""When you build a new house, you shall make a parapet for your roof, so that you will not bring bloodguilt on your house if anyone falls from it.",  ???? ??????? ?????? ?????? ?????????? ??????? ????????? ????????????? ??????? ?????????? ??????????? ???????? ?????????? ? ?,??? ?? ??????????? ?????? ?????? ??? ???????? ???????? ?? ?????? ??? ??? ?? ???????? ????? ?? ?? ????? ??? ??? ???? ? ????? ??' ?????,Ki Tetze,546,11,Injuries,A Murder and the Preservation of Life,"Courts, Crimes, and Punishments"
495,Do not put a stumbling block before a blind man,N,LEV 19:14,"'You shall not curse a deaf man, nor place a stumbling block before the blind, but you shall revere your God; I am the LORD.","?? ???-???????? ??????--????????? ??????, ??? ?????? ????????; ????????? ????????????, ????? ??????.",14 ?? ????? ????? ????? ??? ???????? ?????? ?? ?????????? ????????? ??? ???????? ?????? ??? ???? ???? ??? ???? ?????? ? ???? ????.  ,Kedoshim,232,11,Injuries,A Murder and the Preservation of Life,"Courts, Crimes, and Punishments"
496,Help another remove the load from a beast which can no longer carry it ,P,EXO 23:5,"""If you see the donkey of one who hates you lying helpless under its load, you shall refrain from leaving it to him, you shall surely release it with him.","? ????-??????? ?????? ?????????, ????? ?????? ?????????, ???????????, ??????? ???--????? ????????, ??????. {?}","5 ??? ?? ???? ?? ????????? ??? ?????? ??? ???????? ??? ??? ????? ?????, ?? ????????? ????, ???? ?????????? ???? ???? ?????. --  ",Mishpatim,80,11,Injuries,A Murder and the Preservation of Life,Morality
497,Help others load their beast ,P,DEU 22:4,"""You shall not see your countryman's donkey or his ox fallen down on the way, and pay no attention to them; you shall certainly help him to raise them up.","? ???-??????? ???-?????? ??????? ??? ???????, ???????? ??????????, ????????????????, ?????: ????? ???????, ??????. {?}","4 ??? ??? ??? ???? ??? ??????? ??? ? ??? ?????? ????? ?????????? ?? ?? ???, ?? ???????? ??????? ??????? ?????????? ???? ?????.  ",Ki Tetze,541,11,Injuries,A Murder and the Preservation of Life,Morality
498,Do not leave others distraught with their burdens (but to help either load or unload) ,N,DEU 22:4,"""You shall not see your countryman's donkey or his ox fallen down on the way, and pay no attention to them; you shall certainly help him to raise them up.",  ??????????? ?????????? ??????? ??? ??????? ???????? ?????????? ???????????????? ????? ????? ??????? ??????? ? ?,??? ??? ??? ???? ??? ??????? ??? ? ??? ?????? ????? ?????????? ?? ?? ??? ?? ???????? ?????? ??????? ?????????? ???' ?????,Ki Tetze,540,11,Injuries,A Murder and the Preservation of Life,Morality
499,Buy and sell according to G-d's Law ,P,LEV 25:14,"'If you make a sale, moreover, to your friend or buy from your friend's hand, you shall not wrong one another.","?? ?????-?????????? ???????? ???????????, ??? ????? ?????? ?????????--???-???????, ????? ???-??????.","14 ??? ?? ????? ?????? ?? ??????? ??? ??? ??? ????? ???? ??? ??????? ???, ?? ??????? ???????? ??? ????????  ",B'har,336,12,Acquisition,Sales,Business
500,Do not overcharge or underpay for an article ,N,LEV 25:14,"'If you make a sale, moreover, to your friend or buy from your friend's hand, you shall not wrong one another.",  ???????????????? ???????? ??????????? ??? ????? ?????? ????????? ??????????? ????? ??????????? ?,??? ?? ????? ?????? ?? ??????? ??? ??? ??? ????? ???? ??? ??????? ??? ?? ??????? ???????? ??? ???????,B'har,337,12,Acquisition,Sales,Business
501,Do not insult or harm anybody with words ,N,LEV 25:17,"'So you shall not wrong one another, but you shall fear your God; for I am the LORD your God.","?? ????? ?????? ????? ???-????????, ????????? ???????????: ???? ????? ??????, ??????????.",17 ?? ??????? ???????? ??? ??????? ??? ???????? ?????? ??? ???? ???? ??? ???? ?????? ? ???? ????.  ,B'har,338,12,Acquisition,Sales,Morality
502,Do not cheat a foreigner monetarily ,N,EXO 22:21,"""You shall not wrong a stranger or oppress him, for you were strangers in the land of Egypt.","? ????? ???-??????, ????? ????????????: ????-?????? ????????, ???????? ?????????.",21 (22:20) ??? ?????????? ?? ???????? ???? ?? ??????? ?????? ??? ??? ?????????? ?? ?? ???????. --  ,Mishpatim,64,1,Knowledge,Personal Development,Love
503,Do not insult or harm a foreigner with words ,N,EXO 22:21,"""You shall not wrong a stranger or oppress him, for you were strangers in the land of Egypt.",  ????? ?????????? ????? ???????????? ??????????? ???????? ???????? ?????????? ?,22:20 ??? ?????????? ?? ???????? ???? ?? ??????? ????? ??? ??? ?????????? ?? ?? ???????,Mishpatim,65,1,Knowledge,Personal Development,Love
504,Purchase a Hebrew slave in accordance with the prescribed laws ,P,EXO 21:2,"""If you buy a Hebrew slave, he shall serve for six years; but on the seventh he shall go out as a free man without payment.","? ???? ??????? ????? ???????, ????? ??????? ???????; ?????????????--????? ??????????, ??????.","2 ??? ????? ????? ???????, ?? ??? ????????? ???? ?? ?? ?????? ???? ??????????? ????????? ??????.  ",Mishpatim,42,12,Acquisition,Slaves,Slaves and Servants
505,Do not sell a Hebrew as a non-Hebrew is sold ,N,LEV 25:42,For they are My servants whom I brought out from the land of Egypt; they are not to be sold in a slave sale.,"?? ????-??????? ???, ??????-????????? ????? ??????? ?????????; ??? ??????????, ?????????? ?????.","42 ????? ??????? ??? ????? ?????, ??? ???????? ?? ??? ????????, ?? ?????????? ?? ?????? ????????  ",B'har,345,12,Acquisition,Slaves,Slaves and Servants
506,Do not work a Hebrew slave oppressively ,N,LEV 25:43,"'You shall not rule over him with severity, but are to revere your God.","?? ???-???????? ???, ?????????; ?????????, ???????????.",43 ?? ?????????? ????? ?? ?? ????? ??? ???????? ?????? ??? ???? ???.  ,B'har,346,12,Acquisition,Slaves,Slaves and Servants
507,Do not allow a non-Israelite to work a Hebrew slave oppressively ,N,LEV 25:53,'Like a man hired year by year he shall be with him; he shall not rule over him with severity in your sight.,"?? ?????????? ?????? ?????????, ??????? ??????; ???-??????????? ?????????, ??????????.",53 ?? ???????? ???????? ?? ???????? ????? ???? ?????? ?? ?????????? ????? ?? ?? ????? ??????? ???.  ,B'har,348,12,Acquisition,Slaves,Slaves and Servants
508,Do not have a Hebrew slave do menial slave labor ,N,LEV 25:39,"'If a countryman of yours becomes so poor with regard to you that he sells himself to you, you shall not subject him to a slave's service.","?? ?????-??????? ??????? ???????, ??????????-????--???-??????? ????, ??????? ?????.","39 ??? ?? ????????? ? ??????? ??? ???? ??? ??? ????? ???, ?? ????????? ??? ???????? ????????  ",B'har,344,12,Acquisition,Slaves,Slaves and Servants
509,Give a Hebrew slave gifts when he goes free ,P,DEU 15:14,"""You shall furnish him liberally from your flock and from your threshing floor and from your wine vat; you shall give to him as the LORD your God has blessed you.","?? ???????? ?????????, ???, ??????????, ????????????? ?????????????: ?????? ????????? ?????? ?????????, ???????-???.","14 ??????? ?????????? ????? ??? ??? ???????? ??? ??? ??? ??? ????? ??? ??? ??? ??? ????? ???? ???? ????????? ?? ?????? ? ???? ???, ?????? ????.  ",Re'eh,482,12,Acquisition,Slaves,Slaves and Servants
510,Do not send a Hebrew slave away empty-handed ,N,DEU 15:13,"""When you set him free, you shall not send him away empty-handed.","?? ?????-?????????????? ????????, ?????????--??? ??????????????, ??????.","13 ???? ?? ???????????? ????? ????????? ??? ???, ??? ???????????? ????? ??????  ",Re'eh,481,12,Acquisition,Slaves,Slaves and Servants
511,Redeem Israelite maidservants ,P,EXO 21:8,"""If she is displeasing in the eyes of her master who designated her for himself, then he shall let her be redeemed. He does not have authority to sell her to a foreign people because of his unfairness to her.","? ???-????? ????????? ?????????, ??????-?? (???) ????????--???????????: ????? ??????? ???-???????? ??????????, ??????????-????.","8 ??? ?? ?????????? ?? ????? ????? ?? ???? ??????????????, ??????????? ?????? ????? ?? ???????? ?? ?????? ????? ?????? ?????, ??? ???????? ?? ????.  ",Mishpatim,44,12,Acquisition,Slaves,Slaves and Servants
512,Betroth the Israelite maidservant ,P,EXO 21:8,"""If she is displeasing in the eyes of her master who designated her for himself, then he shall let her be redeemed. He does not have authority to sell her to a foreign people because of his unfairness to her.",  ????????? ????????? ????????? ???????*?? **??? ???????? ??????????? ????? ??????? ???????????? ?????????? ???????????????? ?,??? ?? ?????????? ?? ????? ????? ?? ???? ?????????????? ??????????? ????? ????? ?? ???????? ?? ?????? ????? ?????? ????? ??? ???????? ?? ????,Mishpatim,43,12,Acquisition,Slaves,Slaves and Servants
513,The master must not sell his maidservant ,N,EXO 21:8,"""If she is displeasing in the eyes of her master who designated her for himself, then he shall let her be redeemed. He does not have authority to sell her to a foreign people because of his unfairness to her.",  ????????? ????????? ????????? ???????*?? **??? ???????? ??????????? ????? ??????? ???????????? ?????????? ???????????????? ?,??? ?? ?????????? ?? ????? ????? ?? ???? ?????????????? ??????????? ????? ????? ?? ???????? ?? ?????? ????? ?????? ????? ??? ???????? ?? ????,Mishpatim,45,12,Acquisition,Slaves,Slaves and Servants
514,Canaanite slaves must work forever unless injured in one of their limbs ,P,LEV 25:46,"'You may even bequeath them to your sons after you, to receive as a possession; you can use them as permanent slaves. But in respect to your countrymen, the sons of Israel, you shall not rule with severity over one another.","?? ???????????????? ????? ?????????? ??????????, ???????? ????????--???????, ?????? ??????????; ???????????? ??????-?????????? ????? ?????????, ???-???????? ??? ?????????. {?}","??? ???????????? ?????? ???? ??????? ???? ???? ????, ??? ??????? ???? ????????? ??? ??? ?????? ??? ??????? ???? ??? ???? ?????? ??????? ??? ??????? ????? ?? ????????? ????? ?? ???? ???????.  ",B'har,347,12,Acquisition,Slaves,Slaves and Servants
515,Do not extradite a slave who fled to the Land of Israel ,N,DEU 23:16,"""He shall live with you in your midst, in the place which he shall choose in one of your towns where it pleases him; you shall not mistreat him.","?? ??????? ?????? ????????????, ?????????? ??????-??????? ???????? ??????????--???????? ???; ???, ??????????. {?}","(23:17) ???? ??? ??????????, ?? ???? ?????????? ?? ????? ????, ?? ??? ????? ????, ?? ??????? ?????.  ",Ki Tetze,,12,Acquisition,Slaves,Slaves and Servants
516,Do not wrong a slave who has come to the Land of Israel for refuge ,N,DEU 23:16,"""He shall live with you in your midst, in the place which he shall choose in one of your towns where it pleases him; you shall not mistreat him.",  ??????? ?????? ???????????? ?????????? ?????????????? ???????? ?????????? ???????? ??? ??? ??????????? ? ?,(23:17) ???? ??? ?????????? ?? ???? ?????????? ?? ????? ???? ?? ??? ????? ???? ?? ??????? ?????,Ki Tetze,,12,Acquisition,Slaves,Slaves and Servants
517,The courts must carry out the laws of a hired worker and hired guard ,P,EXO 22:10,"""If a man gives his neighbor a donkey, an ox, a sheep, or any animal to keep for him, and it dies or is hurt or is driven away while no one is looking,","? ????-?????? ????? ???-??????? ?????? ???-????? ???-????, ?????-????????--????????; ????? ???-????????? ???-?????????, ???? ?????.","(22:9) ??? ?? ??? ?? ?? ??????? ????????? ? ?????? ? ???????? ? ??? ?????? ???????, ??? ???????? ? ????????? ? ?????????? ???????, ??? ?????? ???,  ",Mishpatim,59,13,Judgments,Hiring,"Courts, Crimes, and Punishments"
518,Pay wages on the day they were earned ,P,DEU 24:15,"""You shall give him his wages on his day before the sun sets, for he is poor and sets his heart on it; so that he will not cry against you to the LORD and it become sin in you.","?? ????????? ?????? ???????? ?????-?????? ?????? ??????????, ???? ????? ????, ????????, ???? ?????? ???-????????; ?????-??????? ??????? ???-??????, ??????? ???? ?????. {?}","????????? ????????? ??? ?????? ?????, ??? ?????????? ? ????? ??? ????, ??? ????? ????? ??? ?? ???? ???? ??? ??????? ??? ?? ???????????? ???? ??? ???? ??????, ??? ????? ?? ??? ???????.  ",Ki Tetze,,13,Judgments,Hiring,Slaves and Servants
519,Do not delay payment of wages past the agreed time ,N,LEV 19:13,"You shall not oppress your neighbor, nor rob him. The wages of a hired man are not to remain with you all night until morning.",  ???????????? ?????????? ????? ??????? ?????????? ????????? ??????? ??????? ??????????? ?,??? ????????? ??? ??????? ??? ??? ???????? ??? ?? ?? ???????????? ? ?????? ??? ???????? ???? ??? ??? ????,Kedoshim,230,11,Injuries,Robbery and Lost Property,"Courts, Crimes, and Punishments"
520,The hired worker may eat from the unharvested crops where he works ,P,DEU 23:25,"""When you enter your neighbor's standing grain, then you may pluck the heads with your hand, but you shall not wield a sickle in your neighbor's standing grain.","?? ???? ????? ???????? ??????, ??????????? ???????? ?????????; ?????????? ??? ??????, ??? ????? ??????. {?}","(23:26) ??? ?? ???????? ??? ??? ???????? ??? ??????? ???, ???? ???????? ???? ????? ??? ???????????, ??? ?? ????? ??? ????????.  ",Ki Tetze,,13,Judgments,Hiring,Slaves and Servants
521,The worker must not eat while on hired time ,N,DEU 23:25,"""When you enter your neighbor's standing grain, then you may pluck the heads with your hand, but you shall not wield a sickle in your neighbor's standing grain.",  ???? ????? ???????? ?????? ??????????? ???????? ????????? ?????????? ??? ?????? ??? ????? ??????? ? ?,"(23:26) ??? ?? ???????? ??? ??? ???????? ??? ??????? ???, ???? ???????? ???? ????? ??? ???????????, ??? ?? ????? ??? ????????.  ",Ki Tetze,,13,Judgments,Hiring,Slaves and Servants
522,The worker must not take more than he can eat ,N,DEU 23:25,"""When you enter your neighbor's standing grain, then you may pluck the heads with your hand, but you shall not wield a sickle in your neighbor's standing grain.",  ???? ????? ???????? ?????? ??????????? ???????? ????????? ?????????? ??? ?????? ??? ????? ??????? ? ?,"(23:26) ??? ?? ???????? ??? ??? ???????? ??? ??????? ???, ???? ???????? ???? ????? ??? ???????????, ??? ?? ????? ??? ????????.  ",Ki Tetze,,13,Judgments,Hiring,Slaves and Servants
523,Do not muzzle an ox while plowing ,N,DEU 25:4,"""You shall not muzzle the ox while he is threshing.","? ???-??????? ?????, ??????????. {?}",?? ???????? ???? ???????.  ,Ki Tetze,,13,Judgments,Hiring,Slaves and Servants
524,The courts must carry out the laws of a borrower ,P,EXO 22:14,"""If a man borrows anything from his neighbor, and it is injured or dies while its owner is not with it, he shall make full restitution.","?? ?????-???????? ????? ????? ???????, ??????????? ???-???; ????????? ????-??????, ??????? ?????????.","(22:13) ??? ?? ?????? ??? ???? ??? ???????, ??? ???????? ? ??????? ? ?????????? ???????, ? ?? ?????? ?? ? ???? ?????, ??????????  ",Mishpatim,60,13,Judgments,Borrowed and Deposited Things,"Courts, Crimes, and Punishments"
525,The courts must carry out the laws of an unpaid guard ,P,EXO 22:7,"""If a man gives his neighbor money or goods to keep for him and it is stolen from the man's house, if the thief is caught, he shall pay double.","? ????-?????? ????? ???-??????? ?????? ???-??????, ????????, ????????, ??????? ???????--???-???????? ?????????, ????????? ????????.","(22:6) ??? ?? ??? ?? ?? ??????? ???????? ? ????? ???????, ??? ????? ?? ??? ?????? ??? ????????, ??? ?????? ? ??????, ????????? ????????  ",Mishpatim,57,13,Judgments,Borrowed and Deposited Things,"Courts, Crimes, and Punishments"
526,Lend to the poor and destitute ,P,EXO 22:25,"""If you lend money to My people, to the poor among you, you are not to act as a creditor to him; you shall not charge him interest.","?? ???-?????? ???????? ???-??????, ???-??????? ???????--???-??????? ???, ?????????; ???-?????????? ??????, ???????.","(22:24) ??? ?? ???????? ?????????? ?? ?????? ?? ??????? ???? ???, ??? ??? ????? ??????????, ??? ????????? ???? ?????.  ",Mishpatim,66,13,Judgments,Creditor and Debtor,Loans
527,Do not press the poor and destitute for payment if you know they don't have it ,N,EXO 22:25,"""If you lend money to My people, to the poor among you, you are not to act as a creditor to him; you shall not charge him interest.",  ?????????? ???????? ?????????? ??????????? ??????? ??????????? ??? ????????? ?????????????? ?????? ???????? ?,"(22:24) ??? ?? ???????? ?????????? ?? ?????? ?? ??????? ???? ???, ??? ??? ????? ??????????, ??? ????????? ???? ?????.  ",Mishpatim,67,13,Judgments,Creditor and Debtor,Loans
528,Press the idolater for payment of a loan ,P,DEU 15:3,"""From a foreigner you may exact it, but your hand shall release whatever of yours is with your brother.","? ???-??????????, ????????; ???????? ??????? ???? ???-???????, ????????? ??????.","??? ????????? ?????????? ??? ??? ? ??? ???? ????, ??? ??????? ??? ?????? ???????? ??? ?????? ????  ",Re'eh,476,13,Judgments,Creditor and Debtor,Loans
529,The creditor must not forcibly take collateral ,N,DEU 24:10,"""When you make your neighbor a loan of any sort, you shall not enter his house to take his pledge.","? ????-??????? ????????, ???????? ????????--???-????? ???-???????, ??????? ???????.","??? ???????? ? ?? ?? ??????? ???, ???????? ??????, ??? ????????? ??? ??? ?????? ????? ?????????? ?? ?????????  ",Ki Tetze,,13,Judgments,Creditor and Debtor,Loans
530,Return the collateral to the debtor when needed ,P,DEU 24:13,"""When the sun goes down you shall surely return the pledge to him, that he may sleep in his cloak and bless you; and it will be righteousness for you before the LORD your God.","?? ?????? ???????? ??? ???-???????? ??????? ??????????, ???????? ????????????? ???????????; ?????? ???????? ???????, ??????? ?????? ?????????. {?}","???????? ????????? ?? ???????? ????? ???? ?????? ?????, ??? ???????????? ?? ?? ?????? ????? ??? ????????? ??, ??? ????? ??? ?????????? ???????? ?????? ??? ???? ???.  ",Ki Tetze,,13,Judgments,Creditor and Debtor,Loans
531,Do not delay return of collateral when needed ,N,DEU 24:12,"""If he is a poor man, you shall not sleep with his pledge.","?? ?????-????? ?????, ????--??? ?????????, ??????????.","??? ?? ? ???????? ???????, ?? ????????? ?? ?? ??????? ??????  ",Ki Tetze,,13,Judgments,Creditor and Debtor,Loans
532,Do not demand collateral from a widow ,N,DEU 24:17,"""You shall not pervert the justice due an alien or an orphan, nor take a widow's garment in pledge.",  ??? ?????? ????????? ???? ?????? ????? ??????? ?????? ?????????? ?,??? ????????? ?????? ?????????? ??? ??????? ??? ????? ??? ??? ??????????? ??????? ?????,Ki Tetze,,13,Judgments,Creditor and Debtor,Loans
533,Do not demand as collateral utensils needed for preparing food ,N,DEU 24:6,"""No one shall take a handmill or an upper millstone in pledge, for he would be taking a life in pledge.","? ???-??????? ???????, ???????: ????-??????, ???? ?????. {?}","??? ??????????? ????? ???? ?????????, ??? ????? ????? ??????????.  ",Ki Tetze,,13,Judgments,Creditor and Debtor,Loans
534,Do not lend with interest ,N,LEV 25:37,"'You shall not give him your silver at interest, nor your food for gain.","?? ???-??????????--???-?????? ???, ??????????; ?????????????, ???-?????? ????????.",?? ???????? ??? ?? ?????? ???? ??? ???? ??? ??? ?????????? ?? ?????? ???? ?? ??????? ???.  ,B'har,343,13,Judgments,Creditor and Debtor,Loans
535,Do not borrow with interest ,N,DEU 23:19,"“You are not to charge interest to your countrymen: interest on money, food, or anything that may be loaned on interest.",?????????????? ?????????? ???????? ??????? ???????? ?????? ???????? ???????????? ??????? ??????????,(23:20) ??? ????????? ?? ?????? ??? ????? ???????? ??? ????? ???????? ??? ????? ?????? ????????? ?? ?? ??????????,Ki Tetze,,13,Judgments,Creditor and Debtor,Loans
536,"Do not intermediate in an interest loan, guarantee, witness, or write the promissory note ",N,EXO 22:25,"""If you lend money to My people, to the poor among you, you are not to act as a creditor to him; you shall not charge him interest.",  ?????????? ???????? ?????????? ??????????? ??????? ??????????? ??? ????????? ?????????????? ?????? ???????? ?,(22:24) ??? ?? ???????? ?????????? ?? ?????? ?? ??????? ???? ??? ??? ??? ????? ?????????? ??? ????????? ???? ?????,Mishpatim,68,13,Judgments,Creditor and Debtor,Loans
537,Lend to and borrow from idolaters with interest ,P,DEU 23:20,"""You may charge interest to a foreigner, but to your countrymen you shall not charge interest, so that the Lord your God may bless you in all that you undertake in the land which you are about to enter to possess.",??????????? ?????????? ???????????? ???? ?????????? ???????? ??????????? ??????? ?????????? ??????? ????????? ??????? ???????????? ?????????????? ???????????? ??????????????,(23:21) ?? ???????? ????????? ?? ?? ?????? ??? ??? ????????? ??? ???????? ?? ?????? ? ???? ??? ?? ???? ???? ?????? ??? ??? ??? ??? ??? ?? ????????? ???? ???????????? ?????,Ki Tetze,,13,Judgments,Creditor and Debtor,Loans
538,"The courts must carry out the laws of the plaintiff, admitter, or denier ",P,EXO 22:9,"""For every breach of trust, whether it is for ox, for donkey, for sheep, for clothing, or for any lost thing about which one says, 'This is it,' the case of both parties shall come before the judges; he whom the judges condemn shall pay double to his neighbor.","? ???-????-??????-??????? ???-????? ???-?????? ???-???? ???-???????? ???-????-???????, ?????? ?????? ????-???? ???--??? ??????????, ????? ??????-?????????: ?????? ??????????? ????????, ????????? ???????? ?????????. {?}","(22:8) ???? ??? ????? ??????? ???? ?? ?????? ??? ????????? ??? ???????? ??? ??????? ??? ????? ???????? ??? ????????????, ? ?? ??? ?? ?, ??????? ??? ???? ????????? ? ?????? ?????????, ??? ? ????? ??? ??? ???? ????????? ??????? ?? ???????. --  ",Mishpatim,58,13,Judgments,Claimant and Respondent,"Courts, Crimes, and Punishments"
539,Carry out the laws of the order of inheritance ,P,NUM 27:8,"""Further, you shall speak to the sons of Israel, saying, 'If a man dies and has no son, then you shall transfer his inheritance to his daughter.","? ?????-?????? ??????????, ????????? ??????: ????? ????-??????, ????? ???? ???--?????????????? ???-?????????, ????????.","??? ???? ????? ?????? ???????? ????? ???????? ??? ??????? ??? ???? ?? ? ????, ?????????? ??? ??????????? ????? ?? ??????? ??????  ",Pinchas,400,13,Judgments,Inheritances,"Courts, Crimes, and Punishments"
540,Appoint judges ,P,DEU 16:18,"""You shall appoint for yourself judges and officers in all your towns which the LORD your God is giving you, according to your tribes, and they shall judge the people with righteous judgment.","?? ????????? ???????????, ???????-???? ??????-??????????, ?????? ?????? ????????? ????? ????, ????????????; ?????????? ???-?????, ?????????-?????.","?????? ??? ?????????????????? ??????????? ?????? ?? ?????? ???? ??????? ???, ??? ?????? ? ???? ??? ??????? ???, ???? ?????, ??? ????????? ??? ???? ?????? ???????.  ",Shoftim,491,14,Judges,The Sanhedrin and the Penalties Under Their Jurisdiction,"Courts, Crimes, and Punishments"
541,Do not appoint judges who are not familiar with the Law,N,DEU 1:17,"'You shall not show partiality in judgment; you shall hear the small and the great alike. You shall not fear man, for the judgment is God's. The case that is too hard for you, you shall bring to me, and I will hear it.'","?? ???-????????? ?????? ?????????????, ????????? ????????? ????????????--??? ???????? ????????-?????, ???? ???????????? ????????? ????; ?????????? ?????? ???????? ??????, ??????????? ????? ??????????????.","??? ???????? ???????? ?? ??????, ???? ??? ?????? ??? ???? ??? ????? ???????, ?? ?? ????????? ???????? ????????, ??? ? ?????? ??? ???? ?????? ??? ?? ????, ? ??? ??????? ? ??? ????, ???????? ???? ??? ???, ??? ????????? ????.  ",Devarim,414,14,Judges,The Sanhedrin and the Penalties Under Their Jurisdiction,"Courts, Crimes, and Punishments"
542,Decide by majority in case of disagreement ,P,EXO 23:2,"""You shall not follow the masses in doing evil, nor shall you testify in a dispute so as to turn aside after a multitude in order to pervert justice;","? ???-??????? ???????-???????, ???????; ?????-??????? ???-???, ??????? ??????? ???????--????????.",??? ??? ???? ???????? ??? ?????. ?? ?????????? ???? ??????? ???????? ???? ???????? ???? ???????? ??????.  ,Mishpatim,76,14,Judges,The Sanhedrin and the Penalties Under Their Jurisdiction,"Courts, Crimes, and Punishments"
543,The court must not execute through a majority of one; at least a majority of two is required ,N,EXO 23:2,"""You shall not follow the masses in doing evil, nor shall you testify in a dispute so as to turn aside after a multitude in order to pervert justice;",  ??????????? ??????????????? ??????? ????????????? ??????? ??????? ??????? ??????? ????????? ?,??? ??? ???? ???????? ??? ????? ?? ?????????? ???? ??????? ???????? ???? ???????? ???? ???????? ??????,Mishpatim,78,14,Judges,The Sanhedrin and the Penalties Under Their Jurisdiction,"Courts, Crimes, and Punishments"
544,A judge who presented an acquittal plea must not present an argument for conviction in capital cases ,N,EXO 23:2,"""You shall not follow the masses in doing evil, nor shall you testify in a dispute so as to turn aside after a multitude in order to pervert justice;",  ??????????? ??????????????? ??????? ????????????? ??????? ??????? ??????? ??????? ????????? ?,??? ??? ???? ???????? ??? ????? ?? ?????????? ???? ??????? ???????? ???? ???????? ???? ???????? ??????,Mishpatim,77,14,Judges,The Sanhedrin and the Penalties Under Their Jurisdiction,"Courts, Crimes, and Punishments"
545,The courts must carry out the death penalty of stoning ,P,DEU 22:24,"then you shall bring them both out to the gate of that city and you shall stone them to death; the girl, because she did not cry out in the city, and the man, because he has violated his neighbor's wife. Thus you shall purge the evil from among you.","?? ??????????? ???-????????? ???-?????? ?????? ??????, ???????????? ????? ??????????? ???????--???-????????? ???-?????? ?????? ???-??????? ??????, ?????-??????? ???-?????? ??????-?????? ???-?????? ???????; ??????????? ?????, ????????????. {?}","??????? ?????????? ??? ??? ????? ??? ?????? ?????, ??? ???????????????? ?? ?????? ??? ????????????? ??? ??????, ??? ??? ??????? ?? ?? ?????, ??? ??? ????????, ??? ??????????? ??? ??????? ??? ???????? ??? ??????? ??? ??????? ?? ???? ?????. --  ",Ki Tetze,555,14,Judges,The Sanhedrin and the Penalties Under Their Jurisdiction,"Courts, Crimes, and Punishments"
546,The courts must carry out the death penalty of burning ,P,LEV 20:14,"If there is a man who marries a woman and her mother, it is immorality; both he and they shall be burned with fire, so that there will be no immorality in your midst.","?? ???????, ?????? ?????? ???-??????? ?????-???????--?????? ????; ??????? ?????????? ?????, ?????????, ?????-??????? ??????, ???????????.","14 ?? ??? ???? ??????? ??? ??? ?????? ?????, ??????? ?????? ?? ???? ????????????? ????? ??? ?????, ??? ??? ????? ?????? ?? ????.  ",Kedoshim,261,14,Judges,The Sanhedrin and the Penalties Under Their Jurisdiction,"Courts, Crimes, and Punishments"
547,The courts must carry out the death penalty of decapitation with the sword ,P,EXO 21:20,"""If a man strikes his male or female slave with a rod and he dies at his hand, he shall be punished.","? ?????-?????? ????? ???-???????? ??? ???-???????, ??????????, ?????, ?????? ?????--?????, ????????.","20 ??? ?? ??? ?????? ??? ????? ????? ? ??? ????????? ????? ?? ?????, ??? ??????? ??? ??? ?????? ?????, ???? ??????????.  ",Mishpatim,50,14,Judges,The Sanhedrin and the Penalties Under Their Jurisdiction,"Courts, Crimes, and Punishments"
548,The courts must carry out the death penalty of strangulation ,P,LEV 20:10,"If there is a man who commits adultery with another man's wife, one who commits adultery with his friend's wife, the adulterer and the adulteress shall surely be put to death.","? ???????, ?????? ??????? ???-?????? ?????, ?????? ???????, ???-?????? ???????--????-?????? ????????, ????????????.","10 ????????, ?? ?? ??????????? ??????? ?????? ? ?? ?? ??????????? ??????? ??? ???????, ?????? ????????????? ? ???????? ??? ? ???????????.  ",Kedoshim,,14,Judges,The Sanhedrin and the Penalties Under Their Jurisdiction,"Courts, Crimes, and Punishments"
549,The courts must hang those stoned for blasphemy or idolatry ,P,DEU 21:22,"""If a man has committed a sin worthy of death and he is put to death, and you hang him on a tree,","?? ?????-??????? ???????, ????? ?????????-?????--????????: ????????? ?????, ???-???.","22 ??? ?? ??????? ?? ???? ??????? ????? ??????? ??? ??????? ??? ????????? ????? ??? ?????,  ",Ki Tetze,,14,Judges,The Sanhedrin and the Penalties Under Their Jurisdiction,"Courts, Crimes, and Punishments"
550,Bury the executed on the day they are killed ,P,DEU 21:23,"his corpse shall not hang all night on the tree, but you shall surely bury him on the same day (for he who is hanged is accursed of God), so that you do not defile your land which the LORD your God gives you as an inheritance.","?? ???-?????? ????????? ???-?????, ????-?????? ?????????????? ???????? ??????--????-??????? ????????, ???????; ????? ????????, ???-??????????, ?????? ?????? ?????????, ????? ???? ???????. {?}","23 ??? ??????????????? ?? ???? ????? ??? ??? ?????, ???? ???? ?????? ????? ?? ?? ????? ??????, ??? ????????????? ??? ???? ??? ?????????? ??? ?????? ??? ?? ???????? ??? ???, ?? ?????? ? ???? ??? ??????? ??? ?? ?????.  ",Ki Tetze,536,14,Judges,The Sanhedrin and the Penalties Under Their Jurisdiction,"Courts, Crimes, and Punishments"
551,Do not delay burial overnight ,N,DEU 21:23,"his corpse shall not hang all night on the tree, but you shall surely bury him on the same day (for he who is hanged is accursed of God), so that you do not defile your land which the LORD your God gives you as an inheritance.",  ?????????? ????????? ????????? ??????????? ?????????????? ???????? ?????? ???????????? ???????? ??????? ????? ???????? ?????????????? ?????? ?????? ????????? ????? ???? ???????? ? ?,??? ??????????????? ?? ???? ????? ??? ??? ????? ???? ???? ?????? ????? ?? ?? ????? ?????? ??? ????????????? ??? ???? ??? ?????????? ??? ????? ??? ?? ???????? ??? ??? ?? ?????? ? ???? ??? ??????? ??? ?? ?????,Ki Tetze,537,14,Judges,The Sanhedrin and the Penalties Under Their Jurisdiction,"Courts, Crimes, and Punishments"
552,The court must not let the sorcerer live ,N,EXO 22:18,"""You shall not allow a sorceress to live.","?? ???????????, ??? ????????.",18 (22:17) ????????? ?? ????????????. --  ,Mishpatim,62,14,Judges,The Sanhedrin and the Penalties Under Their Jurisdiction,"Courts, Crimes, and Punishments"
553,The court must give lashes to the wrongdoer ,P,DEU 25:3,"""He may beat him forty times but no more, so that he does not beat him with many more stripes than these and your brother is not degraded in your eyes.","? ??????????? ?????????, ??? ??????: ????-?????? ?????????? ???-?????? ?????? ??????, ????????? ??????? ??????????.","3 ???????????? ????????????? ?????, ?? ????????????? ??? ?? ????????? ?????????? ????? ???? ?????? ??? ?????? ???????, ??????????? ? ??????? ??? ???????? ???.  ",Ki Tetze,,14,Judges,The Sanhedrin and the Penalties Under Their Jurisdiction,"Courts, Crimes, and Punishments"
554,The court must not exceed the prescribed number of lashes ,N,DEU 25:3,"""He may beat him forty times but no more, so that he does not beat him with many more stripes than these and your brother is not degraded in your eyes.",  ??????????? ????????? ??? ?????? ??????????? ?????????? ?????????? ?????? ?????? ????????? ??????? ??????????? ? ?,???????????? ????????????? ????? ?? ???????????? ??? ?? ????????? ?????????? ????? ???? ?????? ??? ?????? ??????? ??????????? ? ??????? ??? ???????? ???,Ki Tetze,,14,Judges,The Sanhedrin and the Penalties Under Their Jurisdiction,"Courts, Crimes, and Punishments"
555,The court must not kill anybody on circumstantial evidence ,N,EXO 23:7,"""Keep far from a false charge, and do not kill the innocent or the righteous, for I will not acquit the guilty.","? ????????-??????, ????????; ??????? ????????? ???-????????, ???? ???-????????? ??????.",7 ??? ?????? ??????? ?????? ????????? ????? ??? ??????? ??? ?????????? ??? ?? ?????????? ??? ????? ?????? ?????.  ,Mishpatim,82,14,Judges,The Sanhedrin and the Penalties Under Their Jurisdiction,"Courts, Crimes, and Punishments"
556,The court must not punish anybody who was forced to do a crime ,N,DEU 22:26,"""But you shall do nothing to the girl; there is no sin in the girl worthy of death, for just as a man rises against his neighbor and murders him, so is this case.","?? ??????????? ???-???????? ?????, ???? ????????? ????? ?????: ???? ????????? ?????? ????? ???-???????, ????????? ??????--????, ???????? ??????.","26 ??? ?? ??????? ?? ???????? ?????? ??? ????? ?? ??????? ???????? ???????, ??? ?? ?? ??? ???????? ???????? ??? ??? ??????? ??? ??????? ????? ?????, ????? ?? ?????? ?????,  ",Ki Tetze,556,14,Judges,The Sanhedrin and the Penalties Under Their Jurisdiction,"Courts, Crimes, and Punishments"
557,A judge must not pity the murderer or assaulter at the trial ,N,DEU 19:13,"""You shall not pity him, but you shall purge the blood of the innocent from Israel, that it may go well with you.","?? ???-?????? ???????, ??????; ??????????? ???-???????? ?????????????, ?????? ????. {?}","13 ?? ???????? ? ???????? ??? ??? ????, ??? ????????? ?? ???? ?? ???????? ?? ??????, ??? ?? ??? ?????.  ",Shoftim,521,14,Judges,The Sanhedrin and the Penalties Under Their Jurisdiction,"Courts, Crimes, and Punishments"
558,A judge must not have mercy on the poor man at the trial ,N,LEV 19:15,"'You shall do no injustice in judgment; you shall not be partial to the poor nor defer to the great, but you are to judge your neighbor fairly.","?? ???-???????? ?????, ?????????????--???-??????? ?????-???, ????? ???????? ?????? ??????: ????????, ?????????? ?????????.","15 ?? ???????? ?????? ?? ??????? ?? ????? ???????? ?????? ???? ????????? ???????? ????????, ?? ?????????? ??????? ??? ??????? ???.  ",Kedoshim,,14,Judges,The Sanhedrin and the Penalties Under Their Jurisdiction,"Courts, Crimes, and Punishments"
559,A judge must not respect the great man at the trial ,N,LEV 19:15,"'You shall do no injustice in judgment; you shall not be partial to the poor nor defer to the great, but you are to judge your neighbor fairly.",  ???????????? ????? ????????????? ??????????? ????????? ????? ???????? ?????? ?????? ???????? ?????????? ?????????? ?,?? ???????? ?????? ?? ?????? ?? ????? ???????? ?????? ???? ????????? ???????? ???????? ?? ?????????? ??????? ??? ??????? ???,Kedoshim,234,14,Judges,The Sanhedrin and the Penalties Under Their Jurisdiction,"Courts, Crimes, and Punishments"
560,A judge must not decide unjustly the case of the habitual transgressor ,N,EXO 23:6,"""You shall not pervert the justice due to your needy brother in his dispute.","? ??? ?????? ????????? ??????????, ?????????.",6 ?? ??????????? ????? ??????? ?? ?????? ?????.  ,Mishpatim,81,14,Judges,The Sanhedrin and the Penalties Under Their Jurisdiction,"Courts, Crimes, and Punishments"
561,A judge must not pervert justice ,N,LEV 19:15,"'You shall do no injustice in judgment; you shall not be partial to the poor nor defer to the great, but you are to judge your neighbor fairly.",  ???????????? ????? ????????????? ??????????? ????????? ????? ???????? ?????? ?????? ???????? ?????????? ?????????? ?,?? ???????? ?????? ?? ?????? ?? ????? ???????? ?????? ???? ????????? ???????? ???????? ?? ?????????? ??????? ??? ??????? ???,Kedoshim,233,14,Judges,The Sanhedrin and the Penalties Under Their Jurisdiction,"Courts, Crimes, and Punishments"
562,A judge must not pervert a case involving a foreigner or orphan ,N,DEU 24:17,"""You shall not pervert the justice due an alien or an orphan, nor take a widow's garment in pledge.","?? ??? ??????, ????????? ???? ??????; ????? ???????, ?????? ?????????.",17 ??? ????????? ?????? ?????????? ??? ??????? ??? ????? ??? ??? ??????????? ??????? ??????  ,Ki Tetze,,13,Judgments,Creditor and Debtor,Loans
563,Judge righteously ,P,LEV 19:15,"'You shall do no injustice in judgment; you shall not be partial to the poor nor defer to the great, but you are to judge your neighbor fairly.",  ???????????? ????? ????????????? ??????????? ????????? ????? ???????? ?????? ?????? ???????? ?????????? ?????????? ?,?? ???????? ?????? ?? ?????? ?? ????? ???????? ?????? ???? ????????? ???????? ???????? ?? ?????????? ??????? ??? ??????? ???,Kedoshim,235,14,Judges,The Sanhedrin and the Penalties Under Their Jurisdiction,"Courts, Crimes, and Punishments"
564,The judge must not fear a violent man in judgment ,N,DEU 1:17,"'You shall not show partiality in judgment; you shall hear the small and the great alike. You shall not fear man, for the judgment is God's. The case that is too hard for you, you shall bring to me, and I will hear it.'",  ????????????? ?????? ????????????? ????????? ????????? ???????????? ??? ???????? ?????????????? ???? ???????????? ????????? ???? ?????????? ?????? ???????? ?????? ??????????? ????? ??????????????? ?,??? ???????? ???????? ?? ?????? ???? ??? ?????? ??? ???? ??? ????? ??????? ?? ?? ????????? ???????? ???????? ??? ? ?????? ??? ???? ????? ??? ?? ???? ? ??? ??????? ? ??' ???? ???????? ???? ??' ??? ??? ????????? ????,Devarim,415,14,Judges,The Sanhedrin and the Penalties Under Their Jurisdiction,"Courts, Crimes, and Punishments"
565,Judges must not accept bribes ,N,EXO 23:8,"""You shall not take a bribe, for a bribe blinds the clear-sighted and subverts the cause of the just.","? ????????, ??? ??????: ???? ????????? ???????? ?????????, ????????? ???????? ??????????.",8 ??? ???? ?? ?????? ?? ??? ???? ???????? ????????? ????????? ??? ?????????? ?????? ??????. --  ,Mishpatim,83,14,Judges,The Sanhedrin and the Penalties Under Their Jurisdiction,"Courts, Crimes, and Punishments"
566,Judges must not accept testimony unless both parties are present ,N,EXO 23:1,"""You shall not bear a false report; do not join your hand with a wicked man to be a malicious witness.","? ??? ???????, ?????? ??????; ???-??????? ?????? ???-??????, ??????? ??? ?????.",1 ?? ???????? ????? ???????. ?? ??????????? ???? ??? ?????? ???????? ?????? ??????.  ,Mishpatim,74,14,Judges,The Sanhedrin and the Penalties Under Their Jurisdiction,"Courts, Crimes, and Punishments"
567,Do not curse judges ,N,EXO 22:28,"""You shall not curse God, nor curse a ruler of your people.","?? ????????, ??? ????????; ????????? ?????????, ??? ?????.",28 (22:27) ????? ?? ???????????? ??? ???????? ??? ???? ??? ?? ????? ?????. --  ,Mishpatim,69,1,Knowledge,Idolatry and Gentile Customs,G-d
568,Do not curse the head of state or leader of the Sanhedrin ,N,EXO 22:28,"""You shall not curse God, nor curse a ruler of your people.",  ???????? ??? ???????? ????????? ????????? ??? ?????? ?,22:27 ????? ?? ???????????? ??? ???????? ??? ???? ??? ?? ????? ?????,Mishpatim,71,1,Knowledge,Idolatry and Gentile Customs,G-d
569,Do not curse any upstanding Israelite ,N,LEV 19:14,"'You shall not curse a deaf man, nor place a stumbling block before the blind, but you shall revere your God; I am the LORD.",  ???????????? ?????? ????????? ?????? ??? ?????? ???????? ????????? ???????????? ????? ??????? ?,?? ????? ????? ????? ??? ???????? ?????? ?? ?????????? ????????? ??? ???????? ?????? ??? ???? ??? ??? ???? ?????? ? ???? ????,Kedoshim,231,11,Injuries,A Murder and the Preservation of Life,"Courts, Crimes, and Punishments"
570,Anybody who knows evidence must testify in court ,P,LEV 5:1,"Now if a person sins after he hears a public adjuration to testify when he is a witness, whether he has seen or otherwise known, if he does not tell it, then he will bear his guilt.","? ???????? ????-???????, ?????????? ???? ?????, ?????? ???, ??? ????? ??? ?????; ???-???? ???????, ???????? ????????.","1 ??? ?? ???? ?????? ??? ?????? ????? ???????? ??? ????? ?????? (? ??????? ? ????????), ??? ?? ?????????, ???????? ??? ?????????  ",Vayikra,122,14,Judges,Testimony,"Courts, Crimes, and Punishments"
571,Carefully interrogate the witness ,P,DEU 13:15,"you shall surely strike the inhabitants of that city with the edge of the sword, utterly destroying it and all that is in it and its cattle with the edge of the sword.","?? ?????? ??????, ???-???????? ?????? ??????--?????-?????: ??????? ?????? ?????-????-??????-????? ?????-????????????, ?????-?????.","(13:16) ??????? ??????? ?????? ???? ???????????? ?? ?? ????? ?????? ?? ???? ????????, ????????? ????????????? ????? ??? ????? ?? ?? ????  ",Re'eh,463,14,Judges,Testimony,"Courts, Crimes, and Punishments"
572,A witness must not serve as a judge in capital crimes ,N,NUM 35:30,"'If anyone kills a person, the murderer shall be put to death at the evidence of witnesses, but no person shall be put to death on the testimony of one witness.","? ????-??????-??????--????? ??????, ??????? ???-????????; ????? ?????, ???-??????? ???????? ??????.","30 ??? ??????? ?????, ??? ???????? ????????? ??? ??????????, ??? ?????? ??? ?? ?????????? ??? ????? ?????????.  ",Masei,411,14,Judges,Testimony,"Courts, Crimes, and Punishments"
573,Do not accept testimony from a lone witness ,N,DEU 19:15,"""A single witness shall not rise up against a man on account of any iniquity or any sin which he has committed; on the evidence of two or three witnesses a matter shall be confirmed.","?? ???-?????? ??? ????? ????????, ?????-?????? ???????-???????, ??????-?????, ?????? ???????: ???-???? ?????? ??????, ??? ???-???? ?????????-??????--?????? ??????.","15 ??? ??????? ?????? ??? ?????????? ???? ???????? ???? ????? ??????? ??? ???? ??? ???????? ??? ???? ????? ????????, ?? ?? ??????? ??? ???????? ??? ???????? ??? ??? ???????? ????? ???????? ?????????? ??? ????.  ",Shoftim,523,14,Judges,Testimony,"Courts, Crimes, and Punishments"
574,Habitual transgressors must not testify ,N,EXO 23:1,"""You shall not bear a false report; do not join your hand with a wicked man to be a malicious witness.",  ??? ??????? ?????? ?????? ??????????? ?????? ?????????? ??????? ??? ?????? ? ?,?? ???????? ????? ??????? ?? ??????????? ???? ??? ?????? ???????? ?????? ??????,Mishpatim,75,14,Judges,The Sanhedrin and the Penalties Under Their Jurisdiction,"Courts, Crimes, and Punishments"
575,Relatives of the litigants must not testify ,N,DEU 24:16,"""Fathers shall not be put to death for their sons, nor shall sons be put to death for their fathers; everyone shall be put to death for his own sin.","?? ???-???????? ?????? ???-???????, ???????? ???-???????? ???-??????: ????? ??????????, ????????. {?}","16 ??? ???????????? ??????? ???? ??????, ??? ???? ??? ???????????? ???? ???????? ??????? ?? ?????? ??????? ???????????.  ",Ki Tetze,,14,Judges,Testimony,"Courts, Crimes, and Punishments"
576,Do not testify falsely ,N,EXO 20:16,"""You shall not bear false witness against your neighbor.", ???-??????? ???????? ??? ??????. {?},16 ?? ???????????????? ???? ??? ??????? ??? ????????? ?????. --  ,Yitro,37,14,Judges,Testimony,"Courts, Crimes, and Punishments"
577,Punish the false witnesses as they tried to punish the defendant ,P,DEU 19:19,then you shall do to him just as he had intended to do to his brother. Thus you shall purge the evil from among you.,"?? ??????????? ???, ????????? ????? ????????? ????????; ??????????? ?????, ????????????.","19 ??? ???????? ???? ?? ?????? ???????????? ??????? ???? ??? ??????? ?????, ??? ??????? ??? ??????? ?? ???? ?????.  ",Shoftim,524,14,Judges,Testimony,"Courts, Crimes, and Punishments"
578,Act according to the ruling of the Sanhedrin ,P,DEU 17:11,"""According to the terms of the law which they teach you, and according to the verdict which they tell you, you shall do; you shall not turn aside from the word which they declare to you, to the right or the left.","?? ???-???? ????????? ?????? ????????, ?????-???????????? ??????-???????? ????--?????????: ??? ??????, ???-???????? ??????-????????? ????--?????? ?????????.","11 ???? ??? ????? ??? ???? ??? ??????, ?? ?? ??????? ???, ????????, ??? ????????? ??? ??? ???????, ?? ??? ???????????? ???, ????? ???? ????????.  ",Shoftim,495,14,Judges,Rebels,"Courts, Crimes, and Punishments"
579,Do not deviate from the word of the Sanhedrin ,N,DEU 17:11,"""According to the terms of the law which they teach you, and according to the verdict which they tell you, you shall do; you shall not turn aside from the word which they declare to you, to the right or the left.",  ???????? ????????? ?????? ???????? ?????????????????? ??????????????? ???? ????????? ??? ?????? ???????????? ???????????????? ???? ?????? ?????????? ?,???? ??? ????? ??? ???? ??? ?????? ?? ?? ??????? ??? ???????? ??? ????????? ??? ??? ??????? ?? ??? ???????????? ??? ????? ???? ????????,Shoftim,496,14,Judges,Rebels,"Courts, Crimes, and Punishments"
580,Do not add any commandments to the Law,N,DEU 12:32,"""Whatever I command you, you shall be careful to do; you shall not add to nor take away from it.","? ??? ????-????????, ?????? ??????? ???????? ???????--????? ??????????, ?????????: ???-????? ??????, ????? ??????? ?????????. {?}","32 (13:1) ??? ????, ? ??? ?????????? ??? ???????, ????? ?????? ??????? ?? ?????????? ??? ???? ???? ??????? ??? ?????.  ",Re'eh,454,14,Judges,Rebels,Torah
581,Do not diminish any commandments from the Law,N,DEU 12:32,"""Whatever I command you, you shall be careful to do; you shall not add to nor take away from it.",  ??? ????????????? ?????? ??????? ???????? ??????? ????? ?????????? ????????? ????????? ?????? ????? ??????? ?????????? ? ?,13:1 ??? ???? ? ??? ?????????? ??? ??????? ????? ?????? ?????? ?? ?????????? ??' ???? ???? ??????? ??' ?????,Re'eh,455,14,Judges,Rebels,Torah
582,Do not curse your father and mother ,N,EXO 21:17,"""He who curses his father or his mother shall surely be put to death.","?? ?????????? ?????? ????????, ???? ??????. {?}","17 ?? ??? ????? ??? ???? ??? ???? ?????? ??? ??????????????? ????? ????????, ??? ?????? ?? ????, ?????? ?????????. --  ",Mishpatim,260,14,Judges,Rebels,Marriage and Family
583,Do not strike your father and mother ,N,EXO 21:15,"""He who strikes his father or his mother shall surely be put to death.","?? ???????? ?????? ????????, ???? ??????. {?}","15 ?? ?????? ?????? ????? ? ?????? ?????, ?????? ??????????.  ",Mishpatim,48,14,Judges,Rebels,Marriage and Family
584,Respect your father or mother ,P,EXO 20:12,"""Honor your father and your mother, that your days may be prolonged in the land which the LORD your God gives you.","?? ??????? ???-???????, ?????-???????--???????, ?????????? ???????, ??? ?????????, ??????-?????? ????????? ????? ????. {?}","12 ???? ??? ?????? ??? ??? ??? ??????, ??? ?? ??? ???????, ??? ??? ???????????? ???? ??? ??? ??? ??? ??????, ?? ?????? ? ???? ??? ??????? ???. --  ",Yitro,33,14,Judges,Rebels,Marriage and Family
585,Fear your father or mother ,P,LEV 19:3,"'Every one of you shall reverence his mother and his father, and you shall keep My sabbaths; I am the LORD your God.","? ????? ?????? ???????? ?????????, ?????-??????????? ???????????: ?????, ?????? ??????????.","3 ??????? ?????? ????? ??? ?????? ????? ????????, ??? ?? ??????? ??? ?????????? ??? ?????? ? ???? ????.  ",Kedoshim,212,14,Judges,Rebels,Marriage and Family
586,Do not be a rebellious son ,N,DEU 21:18,"""If any man has a stubborn and rebellious son who will not obey his father or his mother, and when they chastise him, he will not even listen to them,","?? ????-??????? ???????, ???? ?????? ????????--????????? ???????, ??????? ?????? ???????? ??????; ?????????? ?????, ????? ???????? ????????.","18 ??? ?? ???? ? ???? ??????? ??? ????????? ??? ???????? ????? ?????? ??? ????? ?????? ??? ??????????? ????? ??? ?? ???????? ?????,  ",Ki Tetze,,14,Judges,Rebels,Marriage and Family
587,Mourn for relatives ,P,LEV 10:19,"But Aaron spoke to Moses, ""Behold, this very day they presented their sin offering and their burnt offering before the LORD. When things like these happened to me, if I had eaten a sin offering today, would it have been good in the sight of the LORD?""","?? ?????????? ??????? ???-??????, ??? ??????? ?????????? ???-????????? ?????-??????? ??????? ??????, ????????????? ?????, ?????????; ???????????? ??????? ???????, ????????? ????????? ??????.","19 ??? ???????? ????? ???? ?????? ????? ?? ??????? ?????????????? ?? ???? ??? ???????? ????? ??? ?? ???????????? ????? ?????? ??????, ??? ?????????? ??? ?????? ??? ??????? ?? ???? ??? ???????? ???????, ?? ??????? ????? ?????;  ",Shemini,,14,Judges,Mourning,Marriage and Family
588,The high priest must not defile himself for any relative ,N,LEV 21:11,"nor shall he approach any dead person, nor defile himself even for his father or his mother;","?? ????? ????-???????? ???, ??? ?????: ???????? ??????????, ??? ?????????.","11 ??? ??? ???? ???? ????????????? ??? ????????????, ??? ????? ????? ???? ??? ????? ????? ?? ????????????  ",Emor,271,14,Judges,Mourning,Levites & Priests
589,The high priest must not enter under the same roof as a corpse ,N,LEV 21:11,"nor shall he approach any dead person, nor defile himself even for his father or his mother;",  ????? ????????????? ??? ??? ????? ???????? ?????????? ??? ?????????? ?,??? ??? ???? ???? ????????????? ??? ???????????? ??? ????? ????? ???? ??? ????? ????? ?? ???????????,Emor,270,14,Judges,Mourning,Levites & Priests
590,A priest must not defile himself (by going to funerals or cemeteries) for anyone except relatives ,N,LEV 21:1,"Then the LORD said to Moses, ""Speak to the priests, the sons of Aaron, and say to them: 'No one shall defile himself for a dead person among his people,","? ????????? ?????? ???-??????, ????? ???-??????????? ?????? ???????; ??????????? ???????, ???????? ???-????????? ??????????.",1 ??? ????? ?????? ???? ?????? ????? ????? ???? ???????? ???? ????? ????? ??? ????? ???? ?????? ?? ???? ?????? ?? ???????????? ?? ?? ????? ?????  ,Emor,263,14,Judges,Mourning,Levites & Priests
591,Appoint a king from Israel ,P,DEU 17:15,"you shall surely set a king over you whom the LORD your God chooses, one from among your countrymen you shall set as king over yourselves; you may not put a foreigner over yourselves who is not your countryman.","?? ????? ???????? ??????? ??????, ?????? ??????? ?????? ????????? ????: ???????? ???????, ???????? ??????? ??????--??? ?????? ????? ??????? ????? ???????, ?????? ???-??????? ????.","15 ???????? ??????????? ??? ??????? ???????, ?? ?? ????????? ?????? ? ???? ??? ?????. ?? ??? ??????? ??? ??????????? ??? ??????? ???????? ?? ?????? ?????????? ??? ??????? ???????? ?????????, ??? ??? ??????? ??? ?????.  ",Shoftim,497,14,Judges,Kings and Wars,The King
592,Do not appoint a foreigner as king ,N,DEU 17:15,"you shall surely set a king over you whom the LORD your God chooses, one from among your countrymen you shall set as king over yourselves; you may not put a foreigner over yourselves who is not your countryman.",  ????? ???????? ??????? ?????? ?????? ??????? ?????? ????????? ???? ???????? ??????? ???????? ??????? ?????? ??? ?????? ????? ??????? ????? ??????? ?????? ??????????? ????? ?,???????? ??????????? ??? ??????? ??????? ?? ?? ????????? ?????? ? ???? ??? ????? ?? ??? ??????? ??? ??????????? ??? ??????? ??????? ?? ?????? ?????????? ??? ??????? ???????? ????????? ??? ??? ??????? ??? ?????,Shoftim,498,14,Judges,Kings and Wars,The King
593,The king must not have too many wives ,N,DEU 17:17,"""He shall not multiply wives for himself, or else his heart will turn away; nor shall he greatly increase silver and gold for himself.","?? ????? ????????-???? ???????, ????? ?????? ???????; ??????? ???????, ??? ????????-???? ?????.","17 ??? ?? ???????? ????? ????????, ???? ???????????? ????? ? ??????? ??? ???????? ??? ??????? ?? ???????? ????? ??????.  ",Shoftim,501,14,Judges,Kings and Wars,The King
594,The king must not have too many horses ,N,DEU 17:16,"""Moreover, he shall not multiply horses for himself, nor shall he cause the people to return to Egypt to multiply horses, since the LORD has said to you, 'You shall never again return that way.'","?? ???, ???-????????-???? ???????, ?????-??????? ???-????? ???????????, ??????? ????????? ????; ???????, ????? ?????, ??? ???????? ??????? ?????????? ??????, ????.","16 ????? ?? ???????? ????? ????? ???? ?? ????????? ??? ???? ??? ????????, ???? ??????? ????? ?????, ? ?? ?????? ????? ?? ?????????? ?????????? ?? ??? ????? ???.  ",Shoftim,499,14,Judges,Kings and Wars,The King
595,The king must not have too much silver and gold ,N,DEU 17:17,"""He shall not multiply wives for himself, or else his heart will turn away; nor shall he greatly increase silver and gold for himself.",  ????? ????????????? ??????? ????? ?????? ??????? ??????? ??????? ??? ????????????? ?????? ?,??? ?? ???????? ????? ???????? ???? ???????????? ????? ? ?????? ??? ???????? ??? ??????? ?? ???????? ????? ??????,Shoftim,502,14,Judges,Kings and Wars,The King
596,Destroy the seven Canaanite nations ,P,DEU 20:17,"""But you shall utterly destroy them, the Hittite and the Amorite, the Canaanite and the Perizzite, the Hivite and the Jebusite, as the LORD your God has commanded you,","?? ????-??????? ???????????, ???????? ??????????? ???????????? ?????????????, ????????, ????????????--????????? ???????, ?????? ?????????.","17 ???? ? ????????? ????????????? ??????, ??? ???????? ??? ????????? ??? ????????? ??? ????????? ??? ?????? ??? ?????????? ??? ??????????, ?? ?????? ?????????? ??? ?????? ? ???? ???,  ",Shoftim,,14,Judges,Kings and Wars,War and Battles
597,Do not let any of the seven Canaanite nations remain alive ,N,DEU 20:16,"""Only in the cities of these peoples that the LORD your God is giving you as an inheritance, you shall not leave alive anything that breathes.","?? ???, ??????? ????????? ????????, ?????? ?????? ?????????, ????? ???? ???????--??? ????????, ????-????????.","16 ???? ?? ??? ??? ?????? ??? ????? ??????, ?? ?????? ? ???? ??? ??????? ??? ??????????? ??? ??? ?????, ?? ????????? ??? ????? ??? ???????,  ",Shoftim,528,14,Judges,Kings and Wars,War and Battles
598,Wipe out the descendants of Amalek ,P,DEU 25:19,"""Therefore it shall come about when the LORD your God has given you rest from all your surrounding enemies, in the land which the LORD your God gives you as an inheritance to possess, you shall blot out the memory of Amalek from under heaven; you must not forget.","?? ??????? ?????????? ?????? ????????? ???? ??????-????????? ?????????, ???????? ?????? ??????-????????? ????? ???? ??????? ????????????--???????? ???-????? ???????, ???????? ???????????; ???, ??????????. {?}","19 ??? ????? ????? ??? ????????? ?? ?????? ? ???? ??? ??? ?????? ??? ?????? ??? ??? ????? ??? ?? ?? ??, ? ?????? ? ???? ??? ??????? ??? ?? ????? ????????????????, ?????????? ?? ????? ?????? ?? ??? ??? ??? ??????? ??? ?? ?? ???????.  ",Ki Tetze,,14,Judges,Kings and Wars,War and Battles
599,Remember what Amalek did to the Israelites,P,DEU 25:17,"""Remember what Amalek did to you along the way when you came out from Egypt,","?? ??????, ??? ??????-?????? ???? ???????, ??????????, ??????????? ????????????.","17 ???????? ??? ???????? ??? ?????? ?? ?? ??? ????????????? ??? ?? ????????,  ",Ki Tetze,,14,Judges,Kings and Wars,War and Battles
600,Do not forget Amalek's atrocities and ambush on our journey from Egypt in the desert ,N,DEU 25:19,"""Therefore it shall come about when the LORD your God has given you rest from all your surrounding enemies, in the land which the LORD your God gives you as an inheritance to possess, you shall blot out the memory of Amalek from under heaven; you must not forget.",  ??????? ?????????? ?????? ????????? ???? ???????????????? ????????? ???????? ?????? ???????????????? ????? ???? ??????? ???????????? ???????? ????????? ??????? ???????? ??????????? ??? ??????????? ? ?,??? ????? ????? ??? ????????? ?? ?????? ? ???? ??? ??? ?????? ??? ?????? ??? ??? ????? ??? ?? ?? ?? ? ?????? ? ???? ??? ??????? ??? ?? ????? ???????????????? ?????????? ?? ????? ?????? ?? ??? ??? ??? ??????? ??? ?? ?? ???????,Ki Tetze,,14,Judges,Kings and Wars,War and Battles
601,Do not dwell permanently in Egypt,N,DEU 17:16,"""Moreover, he shall not multiply horses for himself, nor shall he cause the people to return to Egypt to multiply horses, since the LORD has said to you, 'You shall never again return that way.'",  ??? ????????????????? ??????? ????????????? ????????? ??????????? ??????? ????????? ???? ??????? ????? ????? ??? ???????? ??????? ?????????? ?????? ????? ?,????? ?? ???????? ????? ????? ???? ?? ????????? ??? ???? ??? ???????? ???? ??????? ????? ????? ? ?? ?????? ????? ?? ?????????? ?????????? ?? ??? ????? ???,Shoftim,500,14,Judges,Kings and Wars,The King
602,"Offer peace terms to the inhabitants of a city while holding siege, and treat them according to the Law if they accept the terms ",P,DEU 20:10,"""When you approach a city to fight against it, you shall offer it terms of peace.","? ????-??????? ???-????, ?????????? ???????--????????? ???????, ?????????.","10 ??? ?? ????????? ???? ????? ??????????? ?????, ??? ???????? ?????? ???? ????????  ",Shoftim,527,14,Judges,Kings and Wars,War and Battles
603,Do not offer peace to Ammon and Moab while besieging them ,N,DEU 23:7,"""You shall not detest an Edomite, for he is your brother; you shall not detest an Egyptian, because you were an alien in his land.",  ??????????? ??????? ???? ??????? ???? ? ??????????? ??????? ???????? ??????? ?????????? ?,23:8 ?? ??????? ????????? ??? ??????? ??? ????? ?? ??????? ????????? ??? ???????? ?????? ?? ?? ?? ?????,Ki Tetze,562,14,Judges,Kings and Wars,Marriage and Family
604,Do not destroy fruit trees even during the siege ,N,DEU 20:19,"""When you besiege a city a long time, to make war against it in order to capture it, you shall not destroy its trees by swinging an axe against them; for you may eat from them, and you shall not cut them down. For is the tree of the field a man, that it should be besieged by you?","?? ????-?????? ???-???? ?????? ??????? ?????????? ??????? ???????????, ???-????????? ???-?????? ????????? ?????? ????????--???? ????????? ??????, ??????? ??? ???????: ???? ??????? ??? ?????????, ????? ?????????? ??????????.","19 ??? ?? ??????????? ???? ????? ?????? ??????? ??????????? ????? ??? ?????????? ?????, ???? ????????????? ?? ?????? ????? ????????? ??? ???? ???????, ???? ? ??? ????? ????, ???? ?? ??? ????????. ?? ???????? ?? ????? ?? ?? ?? ???? ????????? ??? ???????? ??? ??? ??? ??????;  ",Shoftim,529,14,Judges,Kings and Wars,War and Battles
605,Prepare latrines outside the camps ,P,DEU 23:13,"and you shall have a spade among your tools, and it shall be when you sit down outside, you shall dig with it and shall turn to cover up your excrement.","?? ??????? ???????? ????, ???-????????; ???????, ????????????? ????, ???????????? ????, ?????????? ?????????? ???-????????.","(23:14) ??? ???????? ????? ??? ??? ??? ????? ???, ??? ????? ???? ???????????? ???, ??? ??????? ?? ???? ??? ???????? ???????? ??? ??????????? ??? ?? ?????  ",Ki Tetze,566,14,Judges,Kings and Wars,War and Battles
606,Prepare a shovel for each soldier to dig with ,P,DEU 23:14,"""Since the LORD your God walks in the midst of your camp to deliver you and to defeat your enemies before you, therefore your camp must be holy; and He must not see anything indecent among you or He will turn away from you.","?? ???? ?????? ????????? ??????????? ???????? ????????, ???????????? ??????? ????????? ?????????, ??????? ?????????, ???????: ?????-??????? ???? ??????? ??????, ?????? ???????????. {?}","(23:15) ??? ?????? ? ???? ??? ??????????? ?? ?? ????????? ??? ????????? ?? ??? ?????????? ??? ?????? ??? ??? ???????? ???, ??? ????? ? ????????? ??? ????, ??? ??? ????????? ?? ??? ?????????? ????????? ??? ?????????? ??? ???.  ",Ki Tetze,567,14,Judges,Kings and Wars,War and Battles
607,Appoint a priest to speak with the soldiers during the war ,P,DEU 20:2,"""When you are approaching the battle, the priest shall come near and speak to the people.","? ???????, ???????????? ???-????????????; ????????? ????????, ???????? ???-?????.","2 ??? ????? ???? ??????? ?? ??????, ??? ??????????? ? ?????? ??????? ?? ???  ",Shoftim,526,14,Judges,Kings and Wars,War and Battles
608,"He who has taken a wife, built a new home, or planted a vineyard is given a year to rejoice with his possessions ",P,DEU 24:5,"""When a man takes a new wife, he shall not go out with the army nor be charged with any duty; he shall be free at home one year and shall give happiness to his wife whom he has taken.","? ????-?????? ?????, ??????? ????????--??? ????? ?????????, ?????-??????? ?????? ?????-??????: ????? ??????? ????????, ?????? ?????, ?????????, ???-????????? ??????-?????.","5 ??? ?? ??? ???? ??????? ?????????, ??? ??????????? ??? ??? ???????, ??? ??? ????????????? ???? ????? ??????? ????? ????? ?? ?? ????? ????? ???????? ???, ???????? ??? ??????? ?????, ?? ??????.  ",Ki Tetze,,14,Judges,Kings and Wars,War and Battles
609,Do not demand any communal or military involvement for one year,N,DEU 24:5,"""When a man takes a new wife, he shall not go out with the army nor be charged with any duty; he shall be free at home one year and shall give happiness to his wife whom he has taken.",  ??????????? ????? ??????? ???????? ??? ????? ????????? ????????????? ?????? ???????????? ????? ??????? ???????? ?????? ????? ????????? ????????????? ????????????? ? ?,??? ?? ??? ???? ??????? ????????? ??? ??????????? ??? ??? ??????? ??? ??? ????????????? ???? ????? ?????? ????? ????? ?? ?? ????? ????? ???????? ??? ???????? ??? ??????? ????? ?? ??????,Ki Tetze,,14,Judges,Kings and Wars,War and Battles
610,Do not panic and retreat during battle ,N,DEU 20:3,"""He shall say to them, 'Hear, O Israel, you are approaching the battle against your enemies today. Do not be fainthearted. Do not be afraid, or panic, or tremble before them,","? ??????? ??????? ?????? ??????????, ?????? ???????? ??????? ???????????? ???-??????????; ???-?????? ?????????, ???-????????? ?????-??????????? ?????-??????????--???????????.","3 ??? ???? ???? ?????? ?????, ??????? ????? ????????????? ??????? ??? ??????? ??? ???? ??????? ????, ?? ???????? ? ?????? ????, ?? ???????? ???? ???????? ???? ????????? ??? ???????? ?????,  ",Shoftim,525,14,Judges,Kings and Wars,War and Battles
611,Keep the laws of the captive woman ,P,DEU 21:11,"and see among the captives a beautiful woman, and have a desire for her and would take her as a wife for yourself,","?? ?????????, ????????????, ??????, ?????-??????; ???????????? ????, ??????????? ???? ?????????.","11 ??? ???? ?? ?? ??????? ??????? ????? ?? ????? ??? ????????? ????? ??? ????? ????? ????? ???????,  ",Ki Tetze,532,14,Judges,Kings and Wars,War and Battles
612,Do not sell a captive woman into slavery ,N,DEU 21:14,"""It shall be, if you are not pleased with her, then you shall let her go wherever she wishes; but you shall certainly not sell her for money, you shall not mistreat her, because you have humbled her.","?? ??????? ???-??? ????????? ?????, ??????????????? ???????????, ??????? ???-?????????????, ?????????; ???-?????????? ?????, ?????? ?????? ??????????. {?}","14 ??? ????? ??? ?? ????? ?????, ???????????? ????? ?????????, ??? ?????? ?? ?????????? ????????? ??? ????????? ?????, ????? ??????????? ?????.  ",Ki Tetze,533,14,Judges,Kings and Wars,War and Battles
613,Do not retain a captive woman for servitude after having sexual relations with her ,N,DEU 21:14,"""It shall be, if you are not pleased with her, then you shall let her go wherever she wishes; but you shall certainly not sell her for money, you shall not mistreat her, because you have humbled her.",  ??????? ??????? ????????? ????? ??????????????? ??????????? ??????? ????????????????? ????????? ?????????????? ????? ?????? ?????? ??????????? ? ?,??? ????? ??? ?? ????? ????? ???????????? ????? ????????? ??? ?????? ?? ?????????? ???????? ??? ????????? ????? ????? ??????????? ?????,Ki Tetze,534,14,Judges,Kings and Wars,War and Battles
